{
"type": "FeatureCollection",
"name": "states",
"crs": { "type": "name", "properties": { "name": "urn:ogc:def:crs:EPSG::4269" } },
"xy_coordinate_resolution": 0.001,
"features": [
{ "type": "Feature", "properties": { "STUSPS": "CA" }, "geometry": { "type": "MultiPolygon", "coordinates": [ [ [ [ -118.594, 33.467 ], [ -118.485, 33.487 ], [ -118.286, 33.351 ], [ -118.325, 33.299 ], [ -118.465, 33.326 ], [ -118.594, 33.467 ] ] ], [ [ [ -118.594, 33.036 ], [ -118.447, 32.895 ], [ -118.354, 32.822 ], [ -118.426, 32.801 ], [ -118.488, 32.845 ], [ -118.642, 33.017 ], [ -118.594, 33.036 ] ] ], [ [ [ -119.579, 33.279 ], [ -119.51, 33.307 ], [ -119.427, 33.266 ], [ -119.43, 33.228 ], [ -119.546, 33.233 ], [ -119.579, 33.279 ] ] ], [ [ [ -119.916, 34.058 ], [ -119.364, 34.051 ], [ -119.363, 34.001 ], [ -119.796, 33.963 ], [ -119.873, 33.98 ], [ -119.916, 34.058 ] ] ], [ [ [ -120.368, 34.076 ], [ -120.136, 34.026 ], [ -120.055, 34.038 ], [ -119.974, 33.942 ], [ -120.122, 33.896 ], [ -120.2, 33.957 ], [ -120.454, 34.028 ], [ -120.368, 34.076 ] ] ], [ [ [ -124.41, 40.438 ], [ -124.118, 40.989 ], [ -124.164, 41.139 ], [ -124.123, 41.19 ], [ -124.063, 41.44 ], [ -124.143, 41.709 ], [ -124.245, 41.792 ], [ -124.212, 41.998 ], [ -119.999, 41.995 ], [ -120.001, 39.0 ], [ -117.245, 37.03 ], [ -114.633, 35.002 ], [ -114.634, 34.873 ], [ -114.465, 34.691 ], [ -114.378, 34.517 ], [ -114.379, 34.45 ], [ -114.335, 34.45 ], [ -114.141, 34.306 ], [ -114.139, 34.26 ], [ -114.23, 34.187 ], [ -114.428, 34.093 ], [ -114.455, 34.011 ], [ -114.535, 33.928 ], [ -114.509, 33.901 ], [ -114.497, 33.719 ], [ -114.525, 33.552 ], [ -114.635, 33.423 ], [ -114.725, 33.405 ], [ -114.723, 33.288 ], [ -114.674, 33.256 ], [ -114.706, 33.105 ], [ -114.671, 33.038 ], [ -114.511, 33.023 ], [ -114.469, 32.845 ], [ -114.571, 32.747 ], [ -114.72, 32.719 ], [ -117.125, 32.534 ], [ -117.169, 32.672 ], [ -117.246, 32.669 ], [ -117.281, 33.012 ], [ -117.446, 33.269 ], [ -117.646, 33.441 ], [ -117.715, 33.461 ], [ -117.84, 33.574 ], [ -118.133, 33.753 ], [ -118.259, 33.704 ], [ -118.397, 33.736 ], [ -118.428, 33.775 ], [ -118.394, 33.804 ], [ -118.413, 33.884 ], [ -118.52, 34.028 ], [ -118.745, 34.032 ], [ -118.805, 34.001 ], [ -119.11, 34.095 ], [ -119.228, 34.162 ], [ -119.27, 34.253 ], [ -119.376, 34.321 ], [ -119.617, 34.421 ], [ -119.709, 34.395 ], [ -119.874, 34.409 ], [ -120.141, 34.473 ], [ -120.451, 34.447 ], [ -120.511, 34.523 ], [ -120.623, 34.554 ], [ -120.646, 34.581 ], [ -120.602, 34.692 ], [ -120.626, 34.738 ], [ -120.61, 34.858 ], [ -120.671, 34.904 ], [ -120.636, 35.124 ], [ -120.897, 35.248 ], [ -120.862, 35.361 ], [ -120.885, 35.43 ], [ -121.003, 35.461 ], [ -121.167, 35.635 ], [ -121.272, 35.667 ], [ -121.332, 35.783 ], [ -121.462, 35.886 ], [ -121.486, 35.97 ], [ -121.575, 36.025 ], [ -121.68, 36.166 ], [ -121.888, 36.303 ], [ -121.97, 36.583 ], [ -121.924, 36.635 ], [ -121.861, 36.611 ], [ -121.814, 36.683 ], [ -121.792, 36.815 ], [ -121.862, 36.932 ], [ -121.906, 36.969 ], [ -122.106, 36.956 ], [ -122.397, 37.187 ], [ -122.409, 37.375 ], [ -122.446, 37.462 ], [ -122.517, 37.521 ], [ -122.512, 37.771 ], [ -122.398, 37.806 ], [ -122.357, 37.73 ], [ -122.393, 37.708 ], [ -122.36, 37.593 ], [ -122.168, 37.504 ], [ -122.112, 37.529 ], [ -122.163, 37.668 ], [ -122.334, 37.81 ], [ -122.304, 37.83 ], [ -122.335, 37.909 ], [ -122.379, 37.905 ], [ -122.425, 37.956 ], [ -122.263, 38.051 ], [ -122.302, 38.105 ], [ -122.394, 38.143 ], [ -122.491, 38.108 ], [ -122.499, 38.032 ], [ -122.453, 37.996 ], [ -122.489, 37.967 ], [ -122.486, 37.922 ], [ -122.418, 37.853 ], [ -122.483, 37.827 ], [ -122.703, 37.894 ], [ -122.857, 38.017 ], [ -122.94, 38.032 ], [ -122.974, 37.992 ], [ -123.012, 38.003 ], [ -122.954, 38.176 ], [ -123.004, 38.297 ], [ -123.054, 38.299 ], [ -123.086, 38.391 ], [ -123.166, 38.475 ], [ -123.332, 38.566 ], [ -123.442, 38.7 ], [ -123.711, 38.913 ], [ -123.733, 38.955 ], [ -123.691, 39.021 ], [ -123.825, 39.361 ], [ -123.766, 39.553 ], [ -123.852, 39.832 ], [ -124.069, 40.021 ], [ -124.087, 40.078 ], [ -124.363, 40.261 ], [ -124.353, 40.331 ], [ -124.41, 40.438 ] ] ] ] } },
{ "type": "Feature", "properties": { "STUSPS": "WI" }, "geometry": { "type": "MultiPolygon", "coordinates": [ [ [ [ -86.934, 45.421 ], [ -86.836, 45.45 ], [ -86.806, 45.413 ], [ -86.9, 45.295 ], [ -86.956, 45.352 ], [ -86.934, 45.421 ] ] ], [ [ [ -90.777, 47.024 ], [ -90.65, 47.055 ], [ -90.561, 47.037 ], [ -90.512, 46.961 ], [ -90.549, 46.915 ], [ -90.637, 46.907 ], [ -90.777, 47.024 ] ] ], [ [ [ -92.881, 45.573 ], [ -92.87, 45.715 ], [ -92.776, 45.79 ], [ -92.721, 45.884 ], [ -92.546, 45.97 ], [ -92.352, 46.016 ], [ -92.294, 46.074 ], [ -92.292, 46.663 ], [ -92.205, 46.665 ], [ -92.143, 46.732 ], [ -91.962, 46.683 ], [ -91.511, 46.757 ], [ -91.212, 46.867 ], [ -91.168, 46.845 ], [ -90.985, 46.926 ], [ -90.989, 46.982 ], [ -90.924, 47.002 ], [ -90.745, 46.894 ], [ -90.881, 46.74 ], [ -90.853, 46.7 ], [ -90.956, 46.593 ], [ -90.898, 46.583 ], [ -90.795, 46.625 ], [ -90.737, 46.692 ], [ -90.566, 46.585 ], [ -90.418, 46.566 ], [ -90.387, 46.534 ], [ -90.332, 46.553 ], [ -90.215, 46.5 ], [ -90.12, 46.337 ], [ -89.092, 46.139 ], [ -88.658, 45.989 ], [ -88.527, 46.021 ], [ -88.178, 45.947 ], [ -88.074, 45.876 ], [ -88.135, 45.822 ], [ -88.106, 45.799 ], [ -87.996, 45.795 ], [ -87.805, 45.704 ], [ -87.781, 45.674 ], [ -87.825, 45.653 ], [ -87.778, 45.609 ], [ -87.863, 45.353 ], [ -87.657, 45.369 ], [ -87.742, 45.197 ], [ -87.648, 45.106 ], [ -87.59, 45.095 ], [ -87.63, 44.977 ], [ -87.813, 44.954 ], [ -87.843, 44.924 ], [ -87.838, 44.874 ], [ -87.983, 44.72 ], [ -87.999, 44.609 ], [ -88.041, 44.573 ], [ -88.006, 44.539 ], [ -87.944, 44.53 ], [ -87.867, 44.608 ], [ -87.775, 44.639 ], [ -87.581, 44.852 ], [ -87.446, 44.886 ], [ -87.393, 44.934 ], [ -87.265, 45.081 ], [ -87.238, 45.167 ], [ -87.122, 45.21 ], [ -87.058, 45.293 ], [ -86.978, 45.291 ], [ -86.979, 45.227 ], [ -87.044, 45.187 ], [ -87.063, 45.079 ], [ -87.447, 44.586 ], [ -87.545, 44.321 ], [ -87.507, 44.211 ], [ -87.655, 44.082 ], [ -87.736, 43.874 ], [ -87.706, 43.68 ], [ -87.79, 43.563 ], [ -87.793, 43.493 ], [ -87.889, 43.308 ], [ -87.9, 43.126 ], [ -87.87, 43.064 ], [ -87.896, 43.016 ], [ -87.843, 42.944 ], [ -87.835, 42.857 ], [ -87.767, 42.785 ], [ -87.815, 42.644 ], [ -87.8, 42.492 ], [ -90.643, 42.508 ], [ -90.701, 42.626 ], [ -91.017, 42.72 ], [ -91.138, 42.904 ], [ -91.175, 43.039 ], [ -91.175, 43.135 ], [ -91.058, 43.254 ], [ -91.207, 43.374 ], [ -91.273, 43.667 ], [ -91.244, 43.773 ], [ -91.291, 43.853 ], [ -91.441, 44.002 ], [ -91.573, 44.027 ], [ -91.817, 44.164 ], [ -91.893, 44.231 ], [ -91.916, 44.318 ], [ -91.964, 44.362 ], [ -92.232, 44.445 ], [ -92.362, 44.559 ], [ -92.549, 44.578 ], [ -92.805, 44.768 ], [ -92.751, 44.942 ], [ -92.762, 45.022 ], [ -92.803, 45.065 ], [ -92.741, 45.113 ], [ -92.762, 45.285 ], [ -92.647, 45.438 ], [ -92.757, 45.557 ], [ -92.881, 45.573 ] ] ] ] } },
{ "type": "Feature", "properties": { "STUSPS": "ID" }, "geometry": { "type": "Polygon", "coordinates": [ [ [ -117.243, 44.391 ], [ -117.215, 44.427 ], [ -117.226, 44.479 ], [ -117.143, 44.557 ], [ -117.062, 44.727 ], [ -116.932, 44.787 ], [ -116.865, 44.871 ], [ -116.834, 44.929 ], [ -116.858, 44.979 ], [ -116.841, 45.031 ], [ -116.755, 45.114 ], [ -116.675, 45.314 ], [ -116.464, 45.616 ], [ -116.593, 45.779 ], [ -116.788, 45.84 ], [ -116.86, 45.907 ], [ -116.982, 46.085 ], [ -116.924, 46.171 ], [ -116.963, 46.2 ], [ -116.997, 46.303 ], [ -117.063, 46.354 ], [ -117.036, 46.41 ], [ -117.032, 48.999 ], [ -116.049, 49.001 ], [ -116.049, 48.0 ], [ -115.845, 47.815 ], [ -115.835, 47.761 ], [ -115.724, 47.697 ], [ -115.736, 47.655 ], [ -115.694, 47.623 ], [ -115.717, 47.533 ], [ -115.635, 47.482 ], [ -115.71, 47.418 ], [ -115.471, 47.285 ], [ -115.327, 47.256 ], [ -115.032, 46.972 ], [ -114.927, 46.914 ], [ -114.943, 46.868 ], [ -114.767, 46.739 ], [ -114.627, 46.713 ], [ -114.621, 46.658 ], [ -114.361, 46.669 ], [ -114.321, 46.647 ], [ -114.352, 46.508 ], [ -114.403, 46.499 ], [ -114.385, 46.412 ], [ -114.422, 46.387 ], [ -114.446, 46.174 ], [ -114.515, 46.168 ], [ -114.521, 46.125 ], [ -114.46, 46.097 ], [ -114.48, 46.03 ], [ -114.402, 45.961 ], [ -114.388, 45.882 ], [ -114.517, 45.836 ], [ -114.563, 45.78 ], [ -114.505, 45.722 ], [ -114.538, 45.607 ], [ -114.506, 45.559 ], [ -114.279, 45.481 ], [ -114.252, 45.538 ], [ -114.083, 45.604 ], [ -114.015, 45.654 ], [ -114.016, 45.696 ], [ -113.972, 45.701 ], [ -113.807, 45.602 ], [ -113.736, 45.325 ], [ -113.575, 45.128 ], [ -113.452, 45.059 ], [ -113.438, 45.007 ], [ -113.475, 44.911 ], [ -113.422, 44.843 ], [ -113.302, 44.799 ], [ -113.247, 44.823 ], [ -113.131, 44.765 ], [ -113.049, 44.629 ], [ -113.061, 44.577 ], [ -113.007, 44.518 ], [ -113.007, 44.472 ], [ -112.882, 44.38 ], [ -112.708, 44.503 ], [ -112.387, 44.448 ], [ -112.359, 44.529 ], [ -112.286, 44.568 ], [ -112.125, 44.529 ], [ -111.871, 44.564 ], [ -111.808, 44.512 ], [ -111.704, 44.56 ], [ -111.563, 44.555 ], [ -111.385, 44.755 ], [ -111.324, 44.724 ], [ -111.123, 44.494 ], [ -111.049, 44.474 ], [ -111.047, 42.002 ], [ -117.026, 42.0 ], [ -117.024, 43.824 ], [ -116.937, 44.029 ], [ -116.977, 44.085 ], [ -116.896, 44.154 ], [ -116.965, 44.194 ], [ -116.972, 44.236 ], [ -117.217, 44.288 ], [ -117.192, 44.329 ], [ -117.243, 44.391 ] ] ] } },
{ "type": "Feature", "properties": { "STUSPS": "MN" }, "geometry": { "type": "Polygon", "coordinates": [ [ [ -97.229, 49.001 ], [ -95.154, 48.999 ], [ -95.153, 49.384 ], [ -95.058, 49.353 ], [ -94.952, 49.369 ], [ -94.816, 49.321 ], [ -94.683, 48.884 ], [ -94.694, 48.789 ], [ -94.509, 48.7 ], [ -94.282, 48.705 ], [ -94.25, 48.656 ], [ -93.844, 48.629 ], [ -93.805, 48.57 ], [ -93.815, 48.527 ], [ -93.468, 48.546 ], [ -93.464, 48.592 ], [ -93.348, 48.627 ], [ -92.955, 48.631 ], [ -92.728, 48.539 ], [ -92.635, 48.543 ], [ -92.657, 48.467 ], [ -92.456, 48.414 ], [ -92.47, 48.352 ], [ -92.369, 48.22 ], [ -92.315, 48.241 ], [ -92.262, 48.355 ], [ -92.055, 48.359 ], [ -92.0, 48.321 ], [ -91.981, 48.248 ], [ -91.715, 48.199 ], [ -91.692, 48.119 ], [ -91.559, 48.108 ], [ -91.543, 48.053 ], [ -91.25, 48.084 ], [ -90.844, 48.244 ], [ -90.776, 48.122 ], [ -90.704, 48.096 ], [ -90.566, 48.123 ], [ -90.136, 48.112 ], [ -90.03, 48.088 ], [ -89.973, 48.02 ], [ -89.868, 47.99 ], [ -89.749, 48.023 ], [ -89.489, 48.015 ], [ -89.974, 47.831 ], [ -90.421, 47.735 ], [ -90.736, 47.624 ], [ -91.023, 47.465 ], [ -91.457, 47.139 ], [ -92.062, 46.804 ], [ -92.015, 46.706 ], [ -92.143, 46.732 ], [ -92.205, 46.665 ], [ -92.292, 46.663 ], [ -92.294, 46.074 ], [ -92.352, 46.016 ], [ -92.656, 45.924 ], [ -92.87, 45.715 ], [ -92.881, 45.573 ], [ -92.757, 45.557 ], [ -92.647, 45.438 ], [ -92.762, 45.285 ], [ -92.741, 45.113 ], [ -92.803, 45.065 ], [ -92.762, 45.022 ], [ -92.751, 44.942 ], [ -92.805, 44.768 ], [ -92.549, 44.578 ], [ -92.362, 44.559 ], [ -92.232, 44.445 ], [ -91.964, 44.362 ], [ -91.916, 44.318 ], [ -91.893, 44.231 ], [ -91.817, 44.164 ], [ -91.573, 44.027 ], [ -91.441, 44.002 ], [ -91.244, 43.773 ], [ -91.273, 43.667 ], [ -91.218, 43.501 ], [ -96.453, 43.5 ], [ -96.458, 45.308 ], [ -96.522, 45.376 ], [ -96.711, 45.437 ], [ -96.852, 45.619 ], [ -96.587, 45.816 ], [ -96.555, 46.084 ], [ -96.601, 46.32 ], [ -96.709, 46.435 ], [ -96.791, 46.637 ], [ -96.764, 46.913 ], [ -96.834, 47.01 ], [ -96.854, 47.572 ], [ -97.147, 48.169 ], [ -97.149, 48.532 ], [ -97.1, 48.668 ], [ -97.229, 49.001 ] ] ] } },
{ "type": "Feature", "properties": { "STUSPS": "IA" }, "geometry": { "type": "Polygon", "coordinates": [ [ [ -96.622, 42.779 ], [ -96.5, 42.959 ], [ -96.512, 43.04 ], [ -96.439, 43.114 ], [ -96.476, 43.221 ], [ -96.522, 43.221 ], [ -96.579, 43.291 ], [ -96.53, 43.3 ], [ -96.522, 43.386 ], [ -96.594, 43.434 ], [ -96.599, 43.5 ], [ -91.218, 43.501 ], [ -91.207, 43.374 ], [ -91.058, 43.254 ], [ -91.175, 43.135 ], [ -91.138, 42.904 ], [ -91.071, 42.776 ], [ -90.942, 42.684 ], [ -90.701, 42.626 ], [ -90.647, 42.472 ], [ -90.446, 42.357 ], [ -90.401, 42.239 ], [ -90.161, 42.106 ], [ -90.141, 41.996 ], [ -90.181, 41.812 ], [ -90.311, 41.742 ], [ -90.364, 41.58 ], [ -90.701, 41.455 ], [ -91.028, 41.424 ], [ -91.114, 41.25 ], [ -90.957, 41.111 ], [ -90.952, 40.954 ], [ -91.093, 40.821 ], [ -91.121, 40.673 ], [ -91.374, 40.583 ], [ -91.394, 40.535 ], [ -91.368, 40.51 ], [ -91.373, 40.399 ], [ -91.419, 40.378 ], [ -91.498, 40.402 ], [ -91.729, 40.614 ], [ -94.091, 40.573 ], [ -95.766, 40.585 ], [ -95.749, 40.603 ], [ -95.782, 40.653 ], [ -95.889, 40.736 ], [ -95.834, 40.783 ], [ -95.841, 40.846 ], [ -95.811, 40.887 ], [ -95.866, 41.017 ], [ -95.857, 41.187 ], [ -95.91, 41.184 ], [ -95.89, 41.278 ], [ -95.926, 41.322 ], [ -95.923, 41.456 ], [ -95.983, 41.47 ], [ -96.005, 41.544 ], [ -96.08, 41.528 ], [ -96.118, 41.613 ], [ -96.065, 41.793 ], [ -96.159, 41.91 ], [ -96.133, 41.975 ], [ -96.273, 42.047 ], [ -96.269, 42.114 ], [ -96.348, 42.167 ], [ -96.336, 42.265 ], [ -96.408, 42.337 ], [ -96.381, 42.462 ], [ -96.493, 42.517 ], [ -96.477, 42.556 ], [ -96.625, 42.725 ], [ -96.622, 42.779 ] ] ] } },
{ "type": "Feature", "properties": { "STUSPS": "MO" }, "geometry": { "type": "Polygon", "coordinates": [ [ [ -95.766, 40.585 ], [ -94.091, 40.573 ], [ -91.729, 40.614 ], [ -91.498, 40.402 ], [ -91.419, 40.378 ], [ -91.47, 40.322 ], [ -91.512, 40.17 ], [ -91.484, 40.019 ], [ -91.437, 39.946 ], [ -91.436, 39.846 ], [ -91.362, 39.788 ], [ -91.368, 39.729 ], [ -91.148, 39.546 ], [ -91.1, 39.539 ], [ -91.038, 39.448 ], [ -90.73, 39.256 ], [ -90.681, 39.101 ], [ -90.714, 39.054 ], [ -90.657, 38.92 ], [ -90.556, 38.871 ], [ -90.468, 38.962 ], [ -90.396, 38.96 ], [ -90.113, 38.849 ], [ -90.118, 38.806 ], [ -90.21, 38.726 ], [ -90.185, 38.612 ], [ -90.35, 38.378 ], [ -90.364, 38.236 ], [ -90.219, 38.094 ], [ -90.008, 37.97 ], [ -89.955, 37.967 ], [ -89.974, 37.919 ], [ -89.923, 37.871 ], [ -89.851, 37.904 ], [ -89.697, 37.814 ], [ -89.668, 37.759 ], [ -89.522, 37.696 ], [ -89.494, 37.58 ], [ -89.512, 37.53 ], [ -89.426, 37.407 ], [ -89.428, 37.356 ], [ -89.517, 37.282 ], [ -89.471, 37.253 ], [ -89.359, 37.043 ], [ -89.099, 36.958 ], [ -89.157, 36.756 ], [ -89.203, 36.717 ], [ -89.165, 36.662 ], [ -89.227, 36.569 ], [ -89.325, 36.624 ], [ -89.379, 36.622 ], [ -89.408, 36.562 ], [ -89.544, 36.575 ], [ -89.571, 36.538 ], [ -89.51, 36.378 ], [ -89.523, 36.345 ], [ -89.601, 36.343 ], [ -89.612, 36.309 ], [ -89.554, 36.278 ], [ -89.693, 36.225 ], [ -89.592, 36.136 ], [ -89.68, 36.082 ], [ -89.692, 36.021 ], [ -89.733, 36.001 ], [ -90.369, 35.996 ], [ -90.294, 36.113 ], [ -90.064, 36.303 ], [ -90.066, 36.386 ], [ -90.131, 36.415 ], [ -90.154, 36.495 ], [ -94.618, 36.499 ], [ -94.592, 39.155 ], [ -94.68, 39.184 ], [ -94.742, 39.17 ], [ -94.8, 39.206 ], [ -94.908, 39.324 ], [ -94.889, 39.392 ], [ -94.947, 39.4 ], [ -95.114, 39.554 ], [ -95.047, 39.595 ], [ -95.037, 39.653 ], [ -94.971, 39.686 ], [ -94.971, 39.723 ], [ -94.86, 39.75 ], [ -94.879, 39.827 ], [ -94.952, 39.901 ], [ -95.082, 39.862 ], [ -95.383, 40.027 ], [ -95.415, 40.07 ], [ -95.394, 40.108 ], [ -95.481, 40.189 ], [ -95.473, 40.236 ], [ -95.654, 40.323 ], [ -95.649, 40.396 ], [ -95.714, 40.527 ], [ -95.757, 40.526 ], [ -95.766, 40.585 ] ] ] } },
{ "type": "Feature", "properties": { "STUSPS": "MD" }, "geometry": { "type": "MultiPolygon", "coordinates": [ [ [ [ -76.046, 38.026 ], [ -76.007, 38.037 ], [ -75.98, 38.005 ], [ -75.985, 37.938 ], [ -76.047, 37.954 ], [ -76.046, 38.026 ] ] ], [ [ [ -79.487, 39.206 ], [ -79.477, 39.721 ], [ -75.789, 39.722 ], [ -75.694, 38.46 ], [ -75.049, 38.451 ], [ -75.242, 38.027 ], [ -75.624, 37.994 ], [ -75.67, 37.951 ], [ -75.784, 37.973 ], [ -75.893, 37.917 ], [ -75.864, 38.101 ], [ -75.937, 38.124 ], [ -75.942, 38.187 ], [ -75.864, 38.201 ], [ -75.889, 38.241 ], [ -76.039, 38.255 ], [ -76.006, 38.077 ], [ -76.096, 38.125 ], [ -76.089, 38.193 ], [ -76.258, 38.325 ], [ -76.25, 38.362 ], [ -76.336, 38.492 ], [ -76.277, 38.542 ], [ -76.28, 38.61 ], [ -76.165, 38.61 ], [ -76.175, 38.673 ], [ -76.239, 38.713 ], [ -76.348, 38.686 ], [ -76.341, 38.73 ], [ -76.39, 38.757 ], [ -76.272, 38.852 ], [ -76.219, 38.812 ], [ -76.191, 38.83 ], [ -76.204, 38.928 ], [ -76.318, 38.911 ], [ -76.334, 38.86 ], [ -76.376, 38.85 ], [ -76.362, 38.939 ], [ -76.302, 39.04 ], [ -76.232, 39.019 ], [ -76.233, 39.091 ], [ -76.279, 39.146 ], [ -76.16, 39.336 ], [ -76.007, 39.415 ], [ -76.012, 39.453 ], [ -76.146, 39.405 ], [ -76.425, 39.206 ], [ -76.526, 39.178 ], [ -76.429, 39.132 ], [ -76.394, 39.011 ], [ -76.471, 38.957 ], [ -76.45, 38.941 ], [ -76.517, 38.851 ], [ -76.49, 38.839 ], [ -76.559, 38.756 ], [ -76.527, 38.724 ], [ -76.493, 38.483 ], [ -76.393, 38.389 ], [ -76.393, 38.24 ], [ -76.32, 38.138 ], [ -76.322, 38.037 ], [ -76.43, 38.119 ], [ -76.54, 38.153 ], [ -76.591, 38.214 ], [ -76.864, 38.269 ], [ -76.975, 38.347 ], [ -77.016, 38.446 ], [ -77.211, 38.381 ], [ -77.26, 38.436 ], [ -77.247, 38.538 ], [ -77.129, 38.614 ], [ -77.133, 38.674 ], [ -77.053, 38.71 ], [ -77.039, 38.792 ], [ -76.909, 38.893 ], [ -77.041, 38.996 ], [ -77.12, 38.934 ], [ -77.25, 38.986 ], [ -77.248, 39.027 ], [ -77.463, 39.076 ], [ -77.52, 39.121 ], [ -77.521, 39.161 ], [ -77.46, 39.219 ], [ -77.588, 39.302 ], [ -77.72, 39.321 ], [ -77.83, 39.587 ], [ -78.007, 39.601 ], [ -78.082, 39.671 ], [ -78.383, 39.622 ], [ -78.461, 39.526 ], [ -78.591, 39.53 ], [ -78.707, 39.556 ], [ -78.771, 39.638 ], [ -78.957, 39.44 ], [ -79.091, 39.472 ], [ -79.284, 39.31 ], [ -79.487, 39.206 ] ] ] ] } },
{ "type": "Feature", "properties": { "STUSPS": "OR" }, "geometry": { "type": "Polygon", "coordinates": [ [ [ -124.552, 42.841 ], [ -124.436, 43.071 ], [ -124.382, 43.27 ], [ -124.4, 43.302 ], [ -124.287, 43.436 ], [ -124.234, 43.557 ], [ -124.15, 43.911 ], [ -124.065, 44.633 ], [ -124.074, 44.798 ], [ -123.963, 45.28 ], [ -123.977, 45.49 ], [ -123.939, 45.709 ], [ -123.994, 45.946 ], [ -123.937, 45.977 ], [ -123.929, 46.042 ], [ -123.959, 46.142 ], [ -124.041, 46.198 ], [ -123.998, 46.235 ], [ -123.912, 46.179 ], [ -123.758, 46.213 ], [ -123.718, 46.189 ], [ -123.48, 46.269 ], [ -123.428, 46.229 ], [ -123.431, 46.182 ], [ -123.371, 46.146 ], [ -123.116, 46.185 ], [ -122.904, 46.084 ], [ -122.814, 45.961 ], [ -122.796, 45.81 ], [ -122.761, 45.759 ], [ -122.775, 45.68 ], [ -122.738, 45.644 ], [ -122.332, 45.548 ], [ -122.102, 45.584 ], [ -121.811, 45.707 ], [ -121.533, 45.727 ], [ -121.424, 45.694 ], [ -121.338, 45.705 ], [ -121.216, 45.671 ], [ -121.184, 45.606 ], [ -121.085, 45.648 ], [ -120.896, 45.643 ], [ -120.635, 45.746 ], [ -120.404, 45.699 ], [ -120.211, 45.726 ], [ -119.966, 45.824 ], [ -119.67, 45.857 ], [ -119.601, 45.92 ], [ -119.126, 45.933 ], [ -118.987, 46.0 ], [ -116.916, 45.995 ], [ -116.788, 45.84 ], [ -116.536, 45.734 ], [ -116.528, 45.681 ], [ -116.464, 45.616 ], [ -116.675, 45.314 ], [ -116.755, 45.114 ], [ -116.841, 45.031 ], [ -116.858, 44.979 ], [ -116.834, 44.929 ], [ -116.865, 44.871 ], [ -116.932, 44.787 ], [ -117.062, 44.727 ], [ -117.143, 44.557 ], [ -117.226, 44.479 ], [ -117.215, 44.427 ], [ -117.243, 44.391 ], [ -117.192, 44.329 ], [ -117.217, 44.288 ], [ -116.972, 44.236 ], [ -116.965, 44.194 ], [ -116.896, 44.154 ], [ -116.977, 44.085 ], [ -116.937, 44.029 ], [ -117.024, 43.824 ], [ -117.026, 42.0 ], [ -124.212, 41.998 ], [ -124.314, 42.068 ], [ -124.411, 42.251 ], [ -124.435, 42.44 ], [ -124.399, 42.54 ], [ -124.413, 42.658 ], [ -124.51, 42.735 ], [ -124.552, 42.841 ] ] ] } },
{ "type": "Feature", "properties": { "STUSPS": "MI" }, "geometry": { "type": "MultiPolygon", "coordinates": [ [ [ [ -84.616, 45.894 ], [ -84.518, 45.829 ], [ -84.356, 45.772 ], [ -84.394, 45.728 ], [ -84.484, 45.731 ], [ -84.651, 45.859 ], [ -84.616, 45.894 ] ] ], [ [ [ -85.702, 45.736 ], [ -85.524, 45.83 ], [ -85.361, 45.818 ], [ -85.509, 45.596 ], [ -85.562, 45.572 ], [ -85.623, 45.586 ], [ -85.702, 45.736 ] ] ], [ [ [ -86.155, 45.002 ], [ -86.044, 45.16 ], [ -85.954, 45.119 ], [ -85.977, 45.063 ], [ -86.081, 44.99 ], [ -86.155, 45.002 ] ] ], [ [ [ -86.825, 41.76 ], [ -86.598, 41.918 ], [ -86.356, 42.254 ], [ -86.241, 42.54 ], [ -86.208, 42.763 ], [ -86.226, 42.988 ], [ -86.541, 43.645 ], [ -86.445, 43.772 ], [ -86.431, 43.841 ], [ -86.515, 44.058 ], [ -86.43, 44.12 ], [ -86.269, 44.345 ], [ -86.221, 44.567 ], [ -86.248, 44.699 ], [ -86.089, 44.741 ], [ -86.059, 44.911 ], [ -85.98, 44.906 ], [ -85.932, 44.969 ], [ -85.854, 44.938 ], [ -85.78, 44.978 ], [ -85.633, 45.171 ], [ -85.551, 45.211 ], [ -85.531, 45.177 ], [ -85.566, 45.044 ], [ -85.52, 44.974 ], [ -85.475, 44.991 ], [ -85.381, 45.046 ], [ -85.372, 45.271 ], [ -85.197, 45.361 ], [ -84.959, 45.376 ], [ -84.913, 45.41 ], [ -85.041, 45.437 ], [ -85.109, 45.522 ], [ -85.12, 45.569 ], [ -85.061, 45.64 ], [ -84.971, 45.686 ], [ -85.015, 45.76 ], [ -84.867, 45.752 ], [ -84.773, 45.789 ], [ -84.462, 45.652 ], [ -84.33, 45.664 ], [ -84.196, 45.621 ], [ -84.096, 45.497 ], [ -83.909, 45.486 ], [ -83.599, 45.353 ], [ -83.489, 45.356 ], [ -83.385, 45.274 ], [ -83.406, 45.227 ], [ -83.316, 45.14 ], [ -83.266, 45.027 ], [ -83.399, 45.07 ], [ -83.442, 45.051 ], [ -83.439, 44.941 ], [ -83.321, 44.881 ], [ -83.277, 44.689 ], [ -83.315, 44.609 ], [ -83.337, 44.333 ], [ -83.443, 44.265 ], [ -83.525, 44.262 ], [ -83.584, 44.057 ], [ -83.68, 44.036 ], [ -83.693, 43.989 ], [ -83.869, 43.961 ], [ -83.948, 43.735 ], [ -83.909, 43.673 ], [ -83.818, 43.674 ], [ -83.683, 43.591 ], [ -83.512, 43.734 ], [ -83.407, 43.92 ], [ -82.929, 44.069 ], [ -82.793, 44.023 ], [ -82.634, 43.831 ], [ -82.523, 43.225 ], [ -82.486, 43.102 ], [ -82.416, 43.006 ], [ -82.47, 42.887 ], [ -82.467, 42.762 ], [ -82.51, 42.637 ], [ -82.584, 42.554 ], [ -82.679, 42.522 ], [ -82.706, 42.621 ], [ -82.64, 42.661 ], [ -82.708, 42.675 ], [ -82.801, 42.63 ], [ -82.756, 42.564 ], [ -82.859, 42.542 ], [ -82.924, 42.352 ], [ -83.097, 42.29 ], [ -83.134, 42.088 ], [ -83.442, 41.809 ], [ -83.424, 41.741 ], [ -83.454, 41.733 ], [ -84.806, 41.696 ], [ -84.806, 41.76 ], [ -86.825, 41.76 ] ] ], [ [ [ -89.255, 47.876 ], [ -88.632, 48.148 ], [ -88.425, 48.211 ], [ -88.427, 48.167 ], [ -88.55, 48.102 ], [ -88.579, 48.041 ], [ -88.853, 47.965 ], [ -88.899, 47.901 ], [ -89.158, 47.824 ], [ -89.255, 47.876 ] ] ], [ [ [ -90.418, 46.566 ], [ -90.045, 46.668 ], [ -89.832, 46.804 ], [ -89.415, 46.844 ], [ -89.228, 46.913 ], [ -89.143, 46.985 ], [ -88.959, 47.008 ], [ -88.889, 47.101 ], [ -88.585, 47.242 ], [ -88.419, 47.371 ], [ -88.218, 47.449 ], [ -87.801, 47.473 ], [ -87.591, 47.424 ], [ -87.605, 47.389 ], [ -87.942, 47.39 ], [ -87.943, 47.336 ], [ -88.194, 47.209 ], [ -88.24, 47.139 ], [ -88.34, 47.08 ], [ -88.478, 46.851 ], [ -88.144, 46.967 ], [ -88.065, 46.919 ], [ -87.9, 46.91 ], [ -87.595, 46.783 ], [ -87.503, 46.647 ], [ -87.382, 46.58 ], [ -87.367, 46.507 ], [ -86.977, 46.527 ], [ -86.904, 46.466 ], [ -86.811, 46.45 ], [ -86.696, 46.555 ], [ -86.558, 46.487 ], [ -86.138, 46.673 ], [ -85.482, 46.68 ], [ -85.257, 46.753 ], [ -84.965, 46.773 ], [ -85.028, 46.675 ], [ -85.027, 46.554 ], [ -84.969, 46.476 ], [ -84.85, 46.46 ], [ -84.678, 46.488 ], [ -84.493, 46.44 ], [ -84.42, 46.501 ], [ -84.293, 46.493 ], [ -84.194, 46.54 ], [ -84.118, 46.518 ], [ -84.139, 46.372 ], [ -84.098, 46.257 ], [ -84.115, 46.174 ], [ -83.882, 46.042 ], [ -83.816, 46.109 ], [ -83.599, 46.09 ], [ -83.481, 45.996 ], [ -83.526, 45.919 ], [ -83.583, 45.916 ], [ -83.658, 45.945 ], [ -84.08, 45.971 ], [ -84.376, 45.932 ], [ -84.48, 45.978 ], [ -84.734, 45.907 ], [ -84.706, 45.849 ], [ -84.793, 45.859 ], [ -85.004, 46.006 ], [ -85.381, 46.082 ], [ -85.541, 46.08 ], [ -85.697, 45.96 ], [ -85.81, 45.98 ], [ -85.914, 45.919 ], [ -86.072, 45.965 ], [ -86.278, 45.942 ], [ -86.349, 45.834 ], [ -86.541, 45.708 ], [ -86.617, 45.621 ], [ -86.637, 45.542 ], [ -86.712, 45.611 ], [ -86.705, 45.691 ], [ -86.647, 45.733 ], [ -86.773, 45.811 ], [ -86.839, 45.722 ], [ -86.964, 45.673 ], [ -87.07, 45.719 ], [ -87.172, 45.662 ], [ -87.549, 45.192 ], [ -87.59, 45.095 ], [ -87.648, 45.106 ], [ -87.742, 45.197 ], [ -87.657, 45.369 ], [ -87.863, 45.353 ], [ -87.778, 45.609 ], [ -87.825, 45.653 ], [ -87.781, 45.674 ], [ -87.88, 45.755 ], [ -88.106, 45.799 ], [ -88.135, 45.822 ], [ -88.074, 45.876 ], [ -88.115, 45.922 ], [ -88.527, 46.021 ], [ -88.658, 45.989 ], [ -89.092, 46.139 ], [ -90.12, 46.337 ], [ -90.215, 46.5 ], [ -90.332, 46.553 ], [ -90.387, 46.534 ], [ -90.418, 46.566 ] ] ] ] } },
{ "type": "Feature", "properties": { "STUSPS": "MT" }, "geometry": { "type": "Polygon", "coordinates": [ [ [ -116.049, 49.001 ], [ -104.049, 49.0 ], [ -104.039, 44.999 ], [ -111.044, 45.001 ], [ -111.049, 44.474 ], [ -111.123, 44.494 ], [ -111.324, 44.724 ], [ -111.385, 44.755 ], [ -111.563, 44.555 ], [ -111.704, 44.56 ], [ -111.808, 44.512 ], [ -111.871, 44.564 ], [ -112.125, 44.529 ], [ -112.286, 44.568 ], [ -112.359, 44.529 ], [ -112.387, 44.448 ], [ -112.708, 44.503 ], [ -112.882, 44.38 ], [ -113.007, 44.472 ], [ -113.007, 44.518 ], [ -113.061, 44.577 ], [ -113.049, 44.629 ], [ -113.131, 44.765 ], [ -113.247, 44.823 ], [ -113.302, 44.799 ], [ -113.422, 44.843 ], [ -113.475, 44.911 ], [ -113.438, 45.007 ], [ -113.452, 45.059 ], [ -113.575, 45.128 ], [ -113.736, 45.325 ], [ -113.807, 45.602 ], [ -113.972, 45.701 ], [ -114.016, 45.696 ], [ -114.015, 45.654 ], [ -114.083, 45.604 ], [ -114.252, 45.538 ], [ -114.279, 45.481 ], [ -114.506, 45.559 ], [ -114.538, 45.607 ], [ -114.505, 45.722 ], [ -114.563, 45.78 ], [ -114.517, 45.836 ], [ -114.388, 45.882 ], [ -114.402, 45.961 ], [ -114.48, 46.03 ], [ -114.46, 46.097 ], [ -114.521, 46.125 ], [ -114.515, 46.168 ], [ -114.446, 46.174 ], [ -114.422, 46.387 ], [ -114.385, 46.412 ], [ -114.403, 46.499 ], [ -114.352, 46.508 ], [ -114.321, 46.647 ], [ -114.361, 46.669 ], [ -114.621, 46.658 ], [ -114.627, 46.713 ], [ -114.767, 46.739 ], [ -114.943, 46.868 ], [ -114.927, 46.914 ], [ -115.032, 46.972 ], [ -115.327, 47.256 ], [ -115.471, 47.285 ], [ -115.71, 47.418 ], [ -115.635, 47.482 ], [ -115.717, 47.533 ], [ -115.694, 47.623 ], [ -115.736, 47.655 ], [ -115.724, 47.697 ], [ -115.835, 47.761 ], [ -115.845, 47.815 ], [ -116.049, 48.0 ], [ -116.049, 49.001 ] ] ] } },
{ "type": "Feature", "properties": { "STUSPS": "UT" }, "geometry": { "type": "Polygon", "coordinates": [ [ [ -114.051, 37.0 ], [ -114.042, 41.994 ], [ -111.047, 42.002 ], [ -111.047, 40.998 ], [ -109.05, 41.001 ], [ -109.045, 36.999 ], [ -114.051, 37.0 ] ] ] } },
{ "type": "Feature", "properties": { "STUSPS": "VA" }, "geometry": { "type": "MultiPolygon", "coordinates": [ [ [ [ -76.023, 37.289 ], [ -75.941, 37.564 ], [ -75.812, 37.75 ], [ -75.818, 37.792 ], [ -75.703, 37.85 ], [ -75.758, 37.904 ], [ -75.624, 37.994 ], [ -75.242, 38.027 ], [ -75.381, 37.852 ], [ -75.439, 37.869 ], [ -75.489, 37.832 ], [ -75.592, 37.663 ], [ -75.608, 37.561 ], [ -75.673, 37.484 ], [ -75.658, 37.452 ], [ -75.779, 37.297 ], [ -75.817, 37.193 ], [ -75.942, 37.09 ], [ -75.98, 37.1 ], [ -76.023, 37.289 ] ] ], [ [ [ -83.675, 36.601 ], [ -83.136, 36.743 ], [ -83.076, 36.851 ], [ -82.895, 36.882 ], [ -82.869, 36.974 ], [ -82.722, 37.058 ], [ -82.726, 37.112 ], [ -82.355, 37.265 ], [ -81.968, 37.538 ], [ -81.932, 37.512 ], [ -81.985, 37.454 ], [ -81.896, 37.332 ], [ -81.679, 37.202 ], [ -81.561, 37.207 ], [ -81.362, 37.338 ], [ -81.225, 37.235 ], [ -80.835, 37.335 ], [ -80.883, 37.384 ], [ -80.865, 37.42 ], [ -80.77, 37.372 ], [ -80.545, 37.475 ], [ -80.465, 37.426 ], [ -80.292, 37.537 ], [ -80.282, 37.585 ], [ -80.223, 37.623 ], [ -80.292, 37.684 ], [ -80.2, 37.828 ], [ -79.971, 38.044 ], [ -79.916, 38.184 ], [ -79.788, 38.273 ], [ -79.804, 38.314 ], [ -79.69, 38.431 ], [ -79.649, 38.592 ], [ -79.543, 38.553 ], [ -79.477, 38.457 ], [ -79.298, 38.416 ], [ -79.093, 38.66 ], [ -78.999, 38.84 ], [ -78.869, 38.763 ], [ -78.773, 38.894 ], [ -78.562, 39.009 ], [ -78.414, 39.158 ], [ -78.402, 39.277 ], [ -78.34, 39.353 ], [ -78.347, 39.466 ], [ -77.828, 39.132 ], [ -77.72, 39.321 ], [ -77.588, 39.302 ], [ -77.46, 39.219 ], [ -77.521, 39.161 ], [ -77.52, 39.121 ], [ -77.463, 39.076 ], [ -77.248, 39.027 ], [ -77.25, 38.986 ], [ -77.147, 38.964 ], [ -77.039, 38.868 ], [ -77.053, 38.71 ], [ -77.133, 38.674 ], [ -77.13, 38.635 ], [ -77.247, 38.635 ], [ -77.295, 38.562 ], [ -77.317, 38.384 ], [ -77.265, 38.333 ], [ -77.048, 38.36 ], [ -76.962, 38.214 ], [ -76.839, 38.163 ], [ -76.614, 38.149 ], [ -76.492, 38.017 ], [ -76.237, 37.889 ], [ -76.251, 37.833 ], [ -76.31, 37.795 ], [ -76.329, 37.671 ], [ -76.279, 37.618 ], [ -76.298, 37.558 ], [ -76.248, 37.375 ], [ -76.276, 37.31 ], [ -76.394, 37.396 ], [ -76.438, 37.38 ], [ -76.362, 37.27 ], [ -76.394, 37.225 ], [ -76.271, 37.085 ], [ -76.304, 37.001 ], [ -76.19, 36.931 ], [ -75.996, 36.922 ], [ -75.867, 36.551 ], [ -80.295, 36.544 ], [ -81.678, 36.588 ], [ -81.647, 36.612 ], [ -83.675, 36.601 ] ] ] ] } },
{ "type": "Feature", "properties": { "STUSPS": "IL" }, "geometry": { "type": "Polygon", "coordinates": [ [ [ -91.506, 40.2 ], [ -91.47, 40.322 ], [ -91.373, 40.399 ], [ -91.368, 40.51 ], [ -91.394, 40.535 ], [ -91.374, 40.583 ], [ -91.121, 40.673 ], [ -91.093, 40.821 ], [ -90.952, 40.954 ], [ -90.957, 41.111 ], [ -91.114, 41.25 ], [ -91.028, 41.424 ], [ -90.701, 41.455 ], [ -90.571, 41.516 ], [ -90.461, 41.524 ], [ -90.34, 41.599 ], [ -90.311, 41.742 ], [ -90.181, 41.812 ], [ -90.141, 41.996 ], [ -90.161, 42.106 ], [ -90.401, 42.239 ], [ -90.446, 42.357 ], [ -90.647, 42.472 ], [ -90.643, 42.508 ], [ -87.8, 42.492 ], [ -87.835, 42.302 ], [ -87.8, 42.208 ], [ -87.682, 42.076 ], [ -87.609, 41.845 ], [ -87.524, 41.724 ], [ -87.532, 39.348 ], [ -87.6, 39.313 ], [ -87.577, 39.211 ], [ -87.64, 39.167 ], [ -87.625, 39.102 ], [ -87.573, 39.057 ], [ -87.579, 39.002 ], [ -87.529, 38.972 ], [ -87.547, 38.876 ], [ -87.499, 38.758 ], [ -87.546, 38.678 ], [ -87.62, 38.639 ], [ -87.654, 38.512 ], [ -87.714, 38.48 ], [ -87.832, 38.307 ], [ -87.969, 38.237 ], [ -87.976, 38.198 ], [ -87.927, 38.152 ], [ -88.031, 38.031 ], [ -88.016, 37.962 ], [ -88.067, 37.856 ], [ -88.028, 37.799 ], [ -88.16, 37.654 ], [ -88.062, 37.488 ], [ -88.466, 37.401 ], [ -88.515, 37.291 ], [ -88.425, 37.15 ], [ -88.476, 37.068 ], [ -88.932, 37.228 ], [ -89.058, 37.189 ], [ -89.168, 37.074 ], [ -89.133, 36.982 ], [ -89.359, 37.043 ], [ -89.471, 37.253 ], [ -89.517, 37.282 ], [ -89.428, 37.356 ], [ -89.426, 37.407 ], [ -89.512, 37.53 ], [ -89.494, 37.58 ], [ -89.522, 37.696 ], [ -89.668, 37.759 ], [ -89.697, 37.814 ], [ -89.851, 37.904 ], [ -89.923, 37.871 ], [ -89.974, 37.919 ], [ -89.955, 37.967 ], [ -90.008, 37.97 ], [ -90.219, 38.094 ], [ -90.364, 38.236 ], [ -90.35, 38.378 ], [ -90.185, 38.612 ], [ -90.21, 38.726 ], [ -90.118, 38.806 ], [ -90.113, 38.849 ], [ -90.396, 38.96 ], [ -90.468, 38.962 ], [ -90.556, 38.871 ], [ -90.657, 38.92 ], [ -90.714, 39.054 ], [ -90.681, 39.101 ], [ -90.73, 39.256 ], [ -91.038, 39.448 ], [ -91.1, 39.539 ], [ -91.148, 39.546 ], [ -91.368, 39.729 ], [ -91.362, 39.788 ], [ -91.436, 39.846 ], [ -91.506, 40.2 ] ] ] } },
{ "type": "Feature", "properties": { "STUSPS": "TX" }, "geometry": { "type": "Polygon", "coordinates": [ [ [ -106.636, 31.872 ], [ -106.618, 32.0 ], [ -103.064, 32.001 ], [ -103.042, 36.5 ], [ -100.0, 36.5 ], [ -100.0, 34.561 ], [ -99.929, 34.577 ], [ -99.696, 34.381 ], [ -99.6, 34.375 ], [ -99.584, 34.408 ], [ -99.42, 34.38 ], [ -99.395, 34.442 ], [ -99.35, 34.437 ], [ -99.212, 34.314 ], [ -99.19, 34.214 ], [ -98.94, 34.204 ], [ -98.737, 34.131 ], [ -98.648, 34.164 ], [ -98.577, 34.149 ], [ -98.475, 34.064 ], [ -98.414, 34.085 ], [ -98.364, 34.157 ], [ -98.169, 34.114 ], [ -98.123, 34.155 ], [ -98.083, 34.002 ], [ -97.948, 33.991 ], [ -97.951, 33.878 ], [ -97.866, 33.849 ], [ -97.672, 33.991 ], [ -97.609, 33.968 ], [ -97.558, 33.897 ], [ -97.487, 33.917 ], [ -97.444, 33.824 ], [ -97.373, 33.819 ], [ -97.206, 33.914 ], [ -97.167, 33.847 ], [ -97.206, 33.81 ], [ -97.149, 33.722 ], [ -97.091, 33.735 ], [ -97.056, 33.856 ], [ -96.986, 33.887 ], [ -96.952, 33.945 ], [ -96.905, 33.947 ], [ -96.851, 33.847 ], [ -96.794, 33.869 ], [ -96.712, 33.832 ], [ -96.66, 33.917 ], [ -96.59, 33.881 ], [ -96.593, 33.831 ], [ -96.524, 33.818 ], [ -96.502, 33.773 ], [ -96.436, 33.78 ], [ -96.363, 33.694 ], [ -96.277, 33.77 ], [ -96.229, 33.748 ], [ -96.152, 33.832 ], [ -95.935, 33.875 ], [ -95.821, 33.858 ], [ -95.604, 33.927 ], [ -95.557, 33.927 ], [ -95.525, 33.885 ], [ -95.352, 33.868 ], [ -95.283, 33.878 ], [ -95.226, 33.962 ], [ -94.982, 33.852 ], [ -94.842, 33.739 ], [ -94.766, 33.748 ], [ -94.573, 33.67 ], [ -94.529, 33.622 ], [ -94.486, 33.638 ], [ -94.388, 33.566 ], [ -94.183, 33.592 ], [ -94.043, 33.551 ], [ -94.042, 31.992 ], [ -93.91, 31.893 ], [ -93.853, 31.805 ], [ -93.803, 31.701 ], [ -93.835, 31.586 ], [ -93.726, 31.504 ], [ -93.749, 31.469 ], [ -93.668, 31.375 ], [ -93.675, 31.301 ], [ -93.614, 31.259 ], [ -93.602, 31.183 ], [ -93.535, 31.186 ], [ -93.531, 30.925 ], [ -93.63, 30.68 ], [ -93.729, 30.545 ], [ -93.703, 30.43 ], [ -93.745, 30.397 ], [ -93.76, 30.33 ], [ -93.707, 30.276 ], [ -93.704, 30.054 ], [ -93.929, 29.803 ], [ -93.838, 29.691 ], [ -94.057, 29.671 ], [ -94.67, 29.431 ], [ -94.731, 29.369 ], [ -94.723, 29.331 ], [ -95.026, 29.148 ], [ -95.382, 28.866 ], [ -96.329, 28.424 ], [ -96.443, 28.318 ], [ -96.792, 28.11 ], [ -97.003, 27.908 ], [ -97.296, 27.427 ], [ -97.379, 27.06 ], [ -97.367, 26.886 ], [ -97.197, 26.306 ], [ -97.146, 25.971 ], [ -97.338, 25.923 ], [ -97.373, 25.84 ], [ -97.423, 25.84 ], [ -97.644, 26.007 ], [ -97.795, 26.055 ], [ -98.197, 26.056 ], [ -98.443, 26.199 ], [ -98.613, 26.252 ], [ -98.654, 26.236 ], [ -98.807, 26.369 ], [ -98.891, 26.358 ], [ -99.032, 26.412 ], [ -99.082, 26.397 ], [ -99.111, 26.426 ], [ -99.105, 26.5 ], [ -99.171, 26.55 ], [ -99.269, 26.843 ], [ -99.447, 27.026 ], [ -99.445, 27.223 ], [ -99.488, 27.295 ], [ -99.53, 27.306 ], [ -99.488, 27.412 ], [ -99.53, 27.58 ], [ -99.557, 27.614 ], [ -99.705, 27.655 ], [ -99.845, 27.779 ], [ -99.932, 27.968 ], [ -99.985, 27.991 ], [ -100.075, 28.125 ], [ -100.268, 28.25 ], [ -100.397, 28.576 ], [ -100.5, 28.662 ], [ -100.536, 28.806 ], [ -100.627, 28.904 ], [ -100.675, 29.1 ], [ -100.887, 29.308 ], [ -100.996, 29.363 ], [ -101.06, 29.459 ], [ -101.255, 29.52 ], [ -101.306, 29.578 ], [ -101.307, 29.641 ], [ -101.367, 29.664 ], [ -101.401, 29.738 ], [ -101.562, 29.795 ], [ -101.655, 29.765 ], [ -101.966, 29.807 ], [ -102.116, 29.792 ], [ -102.301, 29.878 ], [ -102.35, 29.862 ], [ -102.393, 29.766 ], [ -102.513, 29.78 ], [ -102.677, 29.738 ], [ -102.809, 29.522 ], [ -102.825, 29.4 ], [ -102.891, 29.287 ], [ -102.871, 29.242 ], [ -103.076, 29.086 ], [ -103.127, 28.982 ], [ -103.281, 28.982 ], [ -103.525, 29.121 ], [ -103.725, 29.191 ], [ -103.789, 29.258 ], [ -104.056, 29.331 ], [ -104.229, 29.481 ], [ -104.371, 29.543 ], [ -104.54, 29.676 ], [ -104.566, 29.77 ], [ -104.672, 29.911 ], [ -104.704, 30.024 ], [ -104.703, 30.212 ], [ -104.86, 30.39 ], [ -104.925, 30.605 ], [ -104.972, 30.61 ], [ -105.001, 30.673 ], [ -105.219, 30.802 ], [ -105.394, 30.853 ], [ -105.4, 30.889 ], [ -105.557, 30.99 ], [ -105.627, 31.099 ], [ -105.773, 31.167 ], [ -105.954, 31.365 ], [ -106.176, 31.456 ], [ -106.37, 31.711 ], [ -106.581, 31.814 ], [ -106.636, 31.872 ] ] ] } },
{ "type": "Feature", "properties": { "STUSPS": "LA" }, "geometry": { "type": "Polygon", "coordinates": [ [ [ -94.042, 31.992 ], [ -94.043, 33.019 ], [ -91.166, 33.004 ], [ -91.072, 32.938 ], [ -91.071, 32.889 ], [ -91.138, 32.849 ], [ -91.158, 32.776 ], [ -91.057, 32.726 ], [ -91.099, 32.685 ], [ -91.08, 32.601 ], [ -91.011, 32.517 ], [ -91.061, 32.512 ], [ -91.053, 32.438 ], [ -90.966, 32.425 ], [ -90.987, 32.352 ], [ -90.921, 32.342 ], [ -90.991, 32.215 ], [ -91.109, 32.208 ], [ -91.035, 32.101 ], [ -91.081, 32.023 ], [ -91.177, 31.973 ], [ -91.181, 31.92 ], [ -91.29, 31.834 ], [ -91.346, 31.843 ], [ -91.36, 31.799 ], [ -91.319, 31.745 ], [ -91.381, 31.732 ], [ -91.396, 31.644 ], [ -91.464, 31.62 ], [ -91.438, 31.546 ], [ -91.517, 31.498 ], [ -91.536, 31.338 ], [ -91.509, 31.292 ], [ -91.621, 31.268 ], [ -91.644, 31.234 ], [ -91.59, 31.194 ], [ -91.622, 31.137 ], [ -91.56, 31.05 ], [ -91.637, 30.999 ], [ -89.728, 31.002 ], [ -89.836, 30.727 ], [ -89.822, 30.644 ], [ -89.792, 30.552 ], [ -89.679, 30.414 ], [ -89.608, 30.217 ], [ -89.525, 30.181 ], [ -89.657, 30.118 ], [ -89.684, 30.076 ], [ -89.845, 30.018 ], [ -89.853, 29.953 ], [ -89.647, 29.864 ], [ -89.598, 29.881 ], [ -89.574, 29.984 ], [ -89.494, 30.041 ], [ -89.342, 30.059 ], [ -89.183, 30.149 ], [ -89.236, 29.877 ], [ -89.293, 29.803 ], [ -89.271, 29.756 ], [ -89.399, 29.771 ], [ -89.404, 29.682 ], [ -89.602, 29.61 ], [ -89.532, 29.435 ], [ -89.312, 29.388 ], [ -89.258, 29.337 ], [ -89.2, 29.344 ], [ -89.117, 29.22 ], [ -89.026, 29.215 ], [ -89.014, 29.167 ], [ -89.067, 29.091 ], [ -89.117, 29.074 ], [ -89.143, 28.992 ], [ -89.259, 29.058 ], [ -89.401, 28.934 ], [ -89.404, 29.017 ], [ -89.361, 29.072 ], [ -89.483, 29.215 ], [ -89.607, 29.252 ], [ -89.64, 29.291 ], [ -89.843, 29.319 ], [ -90.224, 29.085 ], [ -90.748, 29.04 ], [ -90.868, 29.056 ], [ -90.942, 29.162 ], [ -91.279, 29.248 ], [ -91.335, 29.299 ], [ -91.265, 29.361 ], [ -91.364, 29.421 ], [ -91.348, 29.444 ], [ -91.394, 29.497 ], [ -91.461, 29.47 ], [ -91.531, 29.532 ], [ -91.542, 29.594 ], [ -91.644, 29.631 ], [ -91.624, 29.699 ], [ -91.667, 29.746 ], [ -91.853, 29.703 ], [ -91.873, 29.627 ], [ -91.711, 29.569 ], [ -91.768, 29.49 ], [ -91.822, 29.474 ], [ -92.065, 29.586 ], [ -92.323, 29.531 ], [ -92.568, 29.577 ], [ -93.177, 29.77 ], [ -93.538, 29.763 ], [ -93.742, 29.736 ], [ -93.838, 29.691 ], [ -93.929, 29.803 ], [ -93.704, 30.054 ], [ -93.707, 30.276 ], [ -93.76, 30.33 ], [ -93.745, 30.397 ], [ -93.703, 30.43 ], [ -93.729, 30.545 ], [ -93.63, 30.68 ], [ -93.531, 30.925 ], [ -93.535, 31.186 ], [ -93.602, 31.183 ], [ -93.614, 31.259 ], [ -93.675, 31.301 ], [ -93.668, 31.375 ], [ -93.749, 31.469 ], [ -93.726, 31.504 ], [ -93.835, 31.586 ], [ -93.803, 31.701 ], [ -93.853, 31.805 ], [ -93.91, 31.893 ], [ -94.042, 31.992 ] ] ] } },
{ "type": "Feature", "properties": { "STUSPS": "FL" }, "geometry": { "type": "MultiPolygon", "coordinates": [ [ [ [ -81.813, 24.545 ], [ -81.751, 24.654 ], [ -81.444, 24.813 ], [ -81.305, 24.755 ], [ -81.243, 24.674 ], [ -81.402, 24.624 ], [ -81.444, 24.643 ], [ -81.685, 24.559 ], [ -81.813, 24.545 ] ] ], [ [ [ -82.028, 24.499 ], [ -81.984, 24.581 ], [ -81.869, 24.584 ], [ -81.919, 24.498 ], [ -82.028, 24.499 ] ] ], [ [ [ -82.188, 24.575 ], [ -82.144, 24.622 ], [ -82.087, 24.59 ], [ -82.101, 24.533 ], [ -82.179, 24.529 ], [ -82.188, 24.575 ] ] ], [ [ [ -87.635, 30.866 ], [ -87.599, 30.997 ], [ -85.002, 31.001 ], [ -84.936, 30.879 ], [ -84.918, 30.772 ], [ -84.865, 30.712 ], [ -82.219, 30.564 ], [ -82.18, 30.369 ], [ -82.095, 30.361 ], [ -82.041, 30.37 ], [ -82.028, 30.447 ], [ -82.033, 30.751 ], [ -81.943, 30.827 ], [ -81.732, 30.75 ], [ -81.427, 30.698 ], [ -81.434, 30.523 ], [ -81.257, 29.785 ], [ -80.966, 29.148 ], [ -80.584, 28.598 ], [ -80.525, 28.459 ], [ -80.588, 28.411 ], [ -80.607, 28.336 ], [ -80.59, 28.178 ], [ -80.384, 27.74 ], [ -80.046, 26.859 ], [ -80.035, 26.612 ], [ -80.11, 26.087 ], [ -80.11, 25.818 ], [ -80.155, 25.665 ], [ -80.229, 25.733 ], [ -80.301, 25.613 ], [ -80.337, 25.466 ], [ -80.31, 25.39 ], [ -80.235, 25.422 ], [ -80.176, 25.521 ], [ -80.163, 25.452 ], [ -80.358, 25.153 ], [ -80.651, 24.866 ], [ -80.966, 24.708 ], [ -81.103, 24.669 ], [ -81.149, 24.71 ], [ -80.847, 24.852 ], [ -80.611, 25.007 ], [ -80.517, 25.095 ], [ -80.495, 25.2 ], [ -80.651, 25.189 ], [ -80.748, 25.147 ], [ -80.812, 25.186 ], [ -81.08, 25.119 ], [ -81.171, 25.246 ], [ -81.147, 25.408 ], [ -81.29, 25.674 ], [ -81.356, 25.704 ], [ -81.384, 25.777 ], [ -81.615, 25.894 ], [ -81.673, 25.857 ], [ -81.727, 25.907 ], [ -81.845, 26.328 ], [ -81.924, 26.437 ], [ -82.014, 26.452 ], [ -82.075, 26.422 ], [ -82.181, 26.476 ], [ -82.314, 26.858 ], [ -82.54, 27.254 ], [ -82.743, 27.531 ], [ -82.651, 27.523 ], [ -82.432, 27.768 ], [ -82.449, 27.81 ], [ -82.554, 27.848 ], [ -82.733, 27.613 ], [ -82.746, 27.731 ], [ -82.847, 27.854 ], [ -82.828, 28.02 ], [ -82.86, 28.174 ], [ -82.764, 28.244 ], [ -82.665, 28.484 ], [ -82.669, 28.696 ], [ -82.712, 28.721 ], [ -82.73, 28.85 ], [ -82.689, 28.906 ], [ -82.759, 29.007 ], [ -82.76, 29.054 ], [ -82.824, 29.099 ], [ -82.799, 29.115 ], [ -82.827, 29.158 ], [ -82.996, 29.178 ], [ -83.016, 29.125 ], [ -83.053, 29.131 ], [ -83.075, 29.248 ], [ -83.17, 29.29 ], [ -83.241, 29.433 ], [ -83.295, 29.438 ], [ -83.402, 29.523 ], [ -83.415, 29.671 ], [ -83.538, 29.723 ], [ -83.679, 29.919 ], [ -84.001, 30.096 ], [ -84.208, 30.085 ], [ -84.366, 30.009 ], [ -84.349, 29.897 ], [ -84.536, 29.91 ], [ -84.577, 29.888 ], [ -84.565, 29.81 ], [ -85.045, 29.587 ], [ -85.26, 29.681 ], [ -85.353, 29.66 ], [ -85.417, 29.843 ], [ -85.385, 29.921 ], [ -85.811, 30.178 ], [ -86.223, 30.344 ], [ -86.633, 30.396 ], [ -87.518, 30.28 ], [ -87.432, 30.403 ], [ -87.367, 30.437 ], [ -87.445, 30.507 ], [ -87.4, 30.657 ], [ -87.524, 30.738 ], [ -87.635, 30.866 ] ] ] ] } },
{ "type": "Feature", "properties": { "STUSPS": "KY" }, "geometry": { "type": "Polygon", "coordinates": [ [ [ -89.544, 36.575 ], [ -89.408, 36.562 ], [ -89.379, 36.622 ], [ -89.325, 36.624 ], [ -89.227, 36.569 ], [ -89.165, 36.662 ], [ -89.203, 36.717 ], [ -89.157, 36.756 ], [ -89.099, 36.958 ], [ -89.168, 37.074 ], [ -89.001, 37.224 ], [ -88.932, 37.228 ], [ -88.476, 37.068 ], [ -88.425, 37.15 ], [ -88.515, 37.291 ], [ -88.466, 37.401 ], [ -88.062, 37.488 ], [ -88.16, 37.654 ], [ -88.028, 37.799 ], [ -87.97, 37.782 ], [ -87.904, 37.818 ], [ -87.938, 37.871 ], [ -87.922, 37.908 ], [ -87.873, 37.921 ], [ -87.808, 37.875 ], [ -87.724, 37.892 ], [ -87.626, 37.852 ], [ -87.608, 37.899 ], [ -87.551, 37.925 ], [ -87.419, 37.945 ], [ -87.18, 37.841 ], [ -87.106, 37.768 ], [ -87.01, 37.92 ], [ -86.811, 37.997 ], [ -86.722, 37.893 ], [ -86.615, 37.853 ], [ -86.6, 37.907 ], [ -86.509, 37.903 ], [ -86.522, 38.038 ], [ -86.321, 38.147 ], [ -86.206, 38.022 ], [ -86.033, 37.97 ], [ -85.922, 38.029 ], [ -85.895, 38.188 ], [ -85.816, 38.283 ], [ -85.751, 38.268 ], [ -85.684, 38.295 ], [ -85.588, 38.45 ], [ -85.499, 38.468 ], [ -85.416, 38.546 ], [ -85.449, 38.713 ], [ -85.275, 38.741 ], [ -85.187, 38.688 ], [ -84.963, 38.778 ], [ -84.813, 38.786 ], [ -84.786, 38.882 ], [ -84.878, 38.92 ], [ -84.833, 38.961 ], [ -84.897, 39.052 ], [ -84.751, 39.147 ], [ -84.608, 39.073 ], [ -84.445, 39.114 ], [ -84.401, 39.046 ], [ -84.297, 38.99 ], [ -84.213, 38.806 ], [ -83.852, 38.751 ], [ -83.772, 38.658 ], [ -83.679, 38.63 ], [ -83.627, 38.679 ], [ -83.533, 38.702 ], [ -83.376, 38.661 ], [ -83.287, 38.599 ], [ -83.24, 38.629 ], [ -83.173, 38.62 ], [ -83.012, 38.73 ], [ -82.889, 38.756 ], [ -82.851, 38.604 ], [ -82.618, 38.477 ], [ -82.572, 38.316 ], [ -82.626, 38.135 ], [ -82.465, 37.977 ], [ -82.488, 37.917 ], [ -82.419, 37.872 ], [ -82.296, 37.686 ], [ -82.064, 37.545 ], [ -81.968, 37.538 ], [ -82.355, 37.265 ], [ -82.726, 37.112 ], [ -82.722, 37.058 ], [ -82.869, 36.974 ], [ -82.895, 36.882 ], [ -83.076, 36.851 ], [ -83.136, 36.743 ], [ -83.527, 36.666 ], [ -83.691, 36.583 ], [ -86.508, 36.652 ], [ -87.853, 36.633 ], [ -87.85, 36.664 ], [ -88.071, 36.678 ], [ -88.034, 36.552 ], [ -88.05, 36.5 ], [ -89.539, 36.498 ], [ -89.571, 36.538 ], [ -89.544, 36.575 ] ] ] } },
{ "type": "Feature", "properties": { "STUSPS": "TN" }, "geometry": { "type": "Polygon", "coordinates": [ [ [ -90.301, 35.029 ], [ -90.197, 35.051 ], [ -90.16, 35.129 ], [ -90.091, 35.118 ], [ -90.098, 35.25 ], [ -90.167, 35.275 ], [ -90.088, 35.363 ], [ -90.113, 35.41 ], [ -90.045, 35.415 ], [ -90.022, 35.457 ], [ -90.038, 35.55 ], [ -89.958, 35.542 ], [ -89.933, 35.608 ], [ -89.877, 35.627 ], [ -89.957, 35.695 ], [ -89.915, 35.755 ], [ -89.864, 35.748 ], [ -89.723, 35.809 ], [ -89.723, 35.874 ], [ -89.647, 35.895 ], [ -89.733, 36.001 ], [ -89.692, 36.021 ], [ -89.68, 36.082 ], [ -89.592, 36.136 ], [ -89.693, 36.225 ], [ -89.554, 36.278 ], [ -89.612, 36.309 ], [ -89.601, 36.343 ], [ -89.523, 36.345 ], [ -89.539, 36.498 ], [ -88.05, 36.5 ], [ -88.034, 36.552 ], [ -88.071, 36.678 ], [ -87.85, 36.664 ], [ -87.853, 36.633 ], [ -86.508, 36.652 ], [ -83.691, 36.583 ], [ -81.647, 36.612 ], [ -81.734, 36.413 ], [ -81.706, 36.338 ], [ -81.833, 36.347 ], [ -81.908, 36.302 ], [ -82.029, 36.124 ], [ -82.127, 36.104 ], [ -82.211, 36.159 ], [ -82.298, 36.134 ], [ -82.409, 36.083 ], [ -82.465, 36.007 ], [ -82.558, 35.954 ], [ -82.611, 35.974 ], [ -82.596, 36.026 ], [ -82.628, 36.062 ], [ -82.779, 35.993 ], [ -82.816, 35.924 ], [ -82.861, 35.947 ], [ -82.911, 35.927 ], [ -82.9, 35.875 ], [ -82.978, 35.783 ], [ -83.162, 35.763 ], [ -83.255, 35.716 ], [ -83.297, 35.658 ], [ -83.347, 35.66 ], [ -83.498, 35.563 ], [ -83.772, 35.562 ], [ -84.022, 35.407 ], [ -84.024, 35.296 ], [ -84.098, 35.247 ], [ -84.179, 35.241 ], [ -84.224, 35.269 ], [ -84.283, 35.227 ], [ -84.322, 34.988 ], [ -90.309, 34.996 ], [ -90.301, 35.029 ] ] ] } },
{ "type": "Feature", "properties": { "STUSPS": "NY" }, "geometry": { "type": "MultiPolygon", "coordinates": [ [ [ [ -72.019, 41.274 ], [ -71.927, 41.29 ], [ -71.917, 41.251 ], [ -72.035, 41.235 ], [ -72.019, 41.274 ] ] ], [ [ [ -79.762, 42.27 ], [ -79.139, 42.564 ], [ -79.049, 42.689 ], [ -78.851, 42.792 ], [ -78.912, 42.887 ], [ -78.909, 42.933 ], [ -79.02, 42.995 ], [ -79.005, 43.057 ], [ -79.074, 43.078 ], [ -79.045, 43.153 ], [ -79.07, 43.262 ], [ -78.547, 43.37 ], [ -78.145, 43.376 ], [ -77.76, 43.341 ], [ -77.551, 43.236 ], [ -77.341, 43.281 ], [ -76.952, 43.271 ], [ -76.769, 43.318 ], [ -76.418, 43.521 ], [ -76.236, 43.529 ], [ -76.203, 43.575 ], [ -76.229, 43.804 ], [ -76.297, 43.857 ], [ -76.442, 43.883 ], [ -76.412, 43.926 ], [ -76.279, 43.972 ], [ -76.308, 44.025 ], [ -76.376, 44.032 ], [ -76.335, 44.165 ], [ -76.164, 44.24 ], [ -76.162, 44.281 ], [ -75.95, 44.349 ], [ -75.834, 44.422 ], [ -75.766, 44.516 ], [ -75.256, 44.858 ], [ -74.993, 44.977 ], [ -74.835, 45.015 ], [ -74.745, 44.991 ], [ -73.343, 45.011 ], [ -73.339, 44.918 ], [ -73.38, 44.857 ], [ -73.334, 44.802 ], [ -73.39, 44.62 ], [ -73.294, 44.441 ], [ -73.335, 44.357 ], [ -73.317, 44.258 ], [ -73.395, 44.167 ], [ -73.437, 44.043 ], [ -73.374, 43.876 ], [ -73.39, 43.817 ], [ -73.351, 43.77 ], [ -73.425, 43.599 ], [ -73.396, 43.568 ], [ -73.328, 43.626 ], [ -73.242, 43.535 ], [ -73.291, 42.802 ], [ -73.265, 42.746 ], [ -73.508, 42.086 ], [ -73.487, 42.05 ], [ -73.551, 41.295 ], [ -73.483, 41.213 ], [ -73.728, 41.101 ], [ -73.657, 40.985 ], [ -73.766, 40.881 ], [ -73.654, 40.878 ], [ -73.5, 40.918 ], [ -73.485, 40.946 ], [ -73.393, 40.955 ], [ -73.229, 40.905 ], [ -73.11, 40.972 ], [ -72.585, 40.998 ], [ -72.354, 41.14 ], [ -72.189, 41.194 ], [ -72.283, 41.068 ], [ -72.163, 41.053 ], [ -72.127, 41.115 ], [ -72.084, 41.102 ], [ -72.096, 41.054 ], [ -72.052, 41.021 ], [ -71.96, 41.071 ], [ -71.856, 41.071 ], [ -71.937, 41.006 ], [ -73.208, 40.631 ], [ -73.775, 40.591 ], [ -73.941, 40.543 ], [ -74.057, 40.598 ], [ -74.113, 40.548 ], [ -74.261, 40.502 ], [ -74.202, 40.631 ], [ -74.087, 40.652 ], [ -74.047, 40.69 ], [ -73.894, 40.997 ], [ -74.695, 41.357 ], [ -74.735, 41.426 ], [ -74.982, 41.496 ], [ -75.044, 41.575 ], [ -75.074, 41.802 ], [ -75.263, 41.885 ], [ -75.341, 41.993 ], [ -79.761, 41.999 ], [ -79.762, 42.27 ] ] ] ] } },
{ "type": "Feature", "properties": { "STUSPS": "GA" }, "geometry": { "type": "Polygon", "coordinates": [ [ [ -85.605, 34.985 ], [ -83.109, 35.001 ], [ -83.141, 34.925 ], [ -83.324, 34.79 ], [ -83.353, 34.729 ], [ -83.339, 34.682 ], [ -83.155, 34.588 ], [ -83.048, 34.493 ], [ -82.874, 34.472 ], [ -82.715, 34.148 ], [ -82.557, 33.945 ], [ -82.324, 33.82 ], [ -82.162, 33.611 ], [ -81.926, 33.463 ], [ -81.933, 33.344 ], [ -81.846, 33.304 ], [ -81.847, 33.242 ], [ -81.764, 33.204 ], [ -81.755, 33.152 ], [ -81.502, 33.015 ], [ -81.5, 32.944 ], [ -81.421, 32.831 ], [ -81.397, 32.606 ], [ -81.195, 32.465 ], [ -81.195, 32.411 ], [ -81.133, 32.335 ], [ -81.154, 32.238 ], [ -81.113, 32.113 ], [ -81.038, 32.084 ], [ -81.007, 32.101 ], [ -80.843, 32.024 ], [ -80.848, 31.988 ], [ -81.131, 31.723 ], [ -81.133, 31.623 ], [ -81.279, 31.351 ], [ -81.283, 31.244 ], [ -81.402, 31.125 ], [ -81.405, 30.908 ], [ -81.46, 30.77 ], [ -81.444, 30.71 ], [ -81.732, 30.75 ], [ -81.943, 30.827 ], [ -82.033, 30.751 ], [ -82.028, 30.447 ], [ -82.041, 30.37 ], [ -82.095, 30.361 ], [ -82.18, 30.369 ], [ -82.219, 30.564 ], [ -84.865, 30.712 ], [ -84.918, 30.772 ], [ -85.036, 31.108 ], [ -85.108, 31.186 ], [ -85.042, 31.545 ], [ -85.058, 31.62 ], [ -85.126, 31.695 ], [ -85.142, 31.839 ], [ -85.068, 31.967 ], [ -85.059, 32.136 ], [ -84.892, 32.263 ], [ -85.008, 32.337 ], [ -84.972, 32.443 ], [ -85.07, 32.583 ], [ -85.184, 32.861 ], [ -85.605, 34.985 ] ] ] } },
{ "type": "Feature", "properties": { "STUSPS": "HI" }, "geometry": { "type": "MultiPolygon", "coordinates": [ [ [ [ -156.05, 19.78 ], [ -155.832, 19.983 ], [ -155.825, 20.026 ], [ -155.903, 20.177 ], [ -155.891, 20.255 ], [ -155.853, 20.272 ], [ -155.598, 20.125 ], [ -155.503, 20.114 ], [ -155.27, 20.015 ], [ -155.167, 19.938 ], [ -155.086, 19.855 ], [ -155.087, 19.728 ], [ -155.006, 19.739 ], [ -154.974, 19.633 ], [ -154.814, 19.53 ], [ -154.816, 19.501 ], [ -155.021, 19.331 ], [ -155.16, 19.268 ], [ -155.265, 19.274 ], [ -155.505, 19.138 ], [ -155.672, 18.917 ], [ -155.882, 19.037 ], [ -155.914, 19.099 ], [ -155.889, 19.348 ], [ -155.978, 19.608 ], [ -156.064, 19.731 ], [ -156.05, 19.78 ] ] ], [ [ [ -156.7, 20.921 ], [ -156.681, 20.98 ], [ -156.62, 21.028 ], [ -156.563, 21.016 ], [ -156.481, 20.898 ], [ -156.333, 20.946 ], [ -156.243, 20.938 ], [ -156.004, 20.796 ], [ -155.985, 20.744 ], [ -156.002, 20.698 ], [ -156.13, 20.628 ], [ -156.378, 20.578 ], [ -156.432, 20.598 ], [ -156.474, 20.791 ], [ -156.538, 20.778 ], [ -156.632, 20.821 ], [ -156.7, 20.921 ] ] ], [ [ [ -156.702, 20.532 ], [ -156.567, 20.605 ], [ -156.54, 20.528 ], [ -156.669, 20.505 ], [ -156.702, 20.532 ] ] ], [ [ [ -157.059, 20.913 ], [ -156.938, 20.925 ], [ -156.808, 20.82 ], [ -156.838, 20.765 ], [ -156.968, 20.735 ], [ -156.992, 20.827 ], [ -157.059, 20.913 ] ] ], [ [ [ -157.311, 21.102 ], [ -157.25, 21.184 ], [ -157.261, 21.226 ], [ -157.04, 21.191 ], [ -156.963, 21.212 ], [ -156.921, 21.169 ], [ -156.709, 21.159 ], [ -156.802, 21.067 ], [ -156.877, 21.049 ], [ -157.081, 21.102 ], [ -157.311, 21.102 ] ] ], [ [ [ -158.278, 21.579 ], [ -158.126, 21.587 ], [ -157.969, 21.713 ], [ -157.837, 21.53 ], [ -157.845, 21.467 ], [ -157.814, 21.44 ], [ -157.723, 21.459 ], [ -157.711, 21.358 ], [ -157.652, 21.314 ], [ -157.7, 21.264 ], [ -157.81, 21.258 ], [ -157.89, 21.306 ], [ -158.103, 21.298 ], [ -158.278, 21.579 ] ] ], [ [ [ -159.784, 22.065 ], [ -159.731, 22.14 ], [ -159.581, 22.223 ], [ -159.511, 22.204 ], [ -159.402, 22.233 ], [ -159.312, 22.183 ], [ -159.293, 22.123 ], [ -159.338, 21.951 ], [ -159.445, 21.869 ], [ -159.603, 21.892 ], [ -159.755, 21.978 ], [ -159.784, 22.065 ] ] ], [ [ [ -160.25, 21.815 ], [ -160.194, 21.922 ], [ -160.113, 21.995 ], [ -160.059, 21.996 ], [ -160.079, 21.896 ], [ -160.156, 21.868 ], [ -160.206, 21.78 ], [ -160.25, 21.815 ] ] ] ] } },
{ "type": "Feature", "properties": { "STUSPS": "DE" }, "geometry": { "type": "Polygon", "coordinates": [ [ [ -75.774, 39.722 ], [ -75.663, 39.821 ], [ -75.57, 39.839 ], [ -75.415, 39.802 ], [ -75.559, 39.63 ], [ -75.513, 39.578 ], [ -75.528, 39.498 ], [ -75.593, 39.479 ], [ -75.408, 39.265 ], [ -75.396, 39.058 ], [ -75.341, 39.02 ], [ -75.304, 38.913 ], [ -75.159, 38.79 ], [ -75.089, 38.797 ], [ -75.049, 38.451 ], [ -75.694, 38.46 ], [ -75.774, 39.722 ] ] ] } },
{ "type": "Feature", "properties": { "STUSPS": "PR" }, "geometry": { "type": "MultiPolygon", "coordinates": [ [ [ [ -65.342, 18.345 ], [ -65.256, 18.342 ], [ -65.222, 18.321 ], [ -65.283, 18.28 ], [ -65.337, 18.308 ], [ -65.342, 18.345 ] ] ], [ [ [ -65.577, 18.103 ], [ -65.506, 18.153 ], [ -65.288, 18.148 ], [ -65.291, 18.103 ], [ -65.542, 18.081 ], [ -65.577, 18.103 ] ] ], [ [ [ -67.271, 18.362 ], [ -67.16, 18.416 ], [ -67.169, 18.466 ], [ -67.126, 18.512 ], [ -67.042, 18.512 ], [ -66.734, 18.473 ], [ -66.625, 18.494 ], [ -65.905, 18.451 ], [ -65.719, 18.392 ], [ -65.586, 18.393 ], [ -65.565, 18.325 ], [ -65.625, 18.311 ], [ -65.588, 18.254 ], [ -65.599, 18.213 ], [ -65.759, 18.157 ], [ -65.885, 17.989 ], [ -66.024, 17.976 ], [ -66.042, 17.935 ], [ -66.099, 17.958 ], [ -66.243, 17.914 ], [ -66.338, 17.976 ], [ -66.385, 17.939 ], [ -66.445, 17.979 ], [ -66.583, 17.961 ], [ -66.758, 17.995 ], [ -66.927, 17.927 ], [ -67.054, 17.973 ], [ -67.183, 17.931 ], [ -67.21, 18.035 ], [ -67.158, 18.217 ], [ -67.271, 18.362 ] ] ], [ [ [ -67.941, 18.127 ], [ -67.846, 18.128 ], [ -67.821, 18.085 ], [ -67.886, 18.036 ], [ -67.956, 18.074 ], [ -67.941, 18.127 ] ] ] ] } },
{ "type": "Feature", "properties": { "STUSPS": "WA" }, "geometry": { "type": "MultiPolygon", "coordinates": [ [ [ [ -123.237, 48.683 ], [ -123.07, 48.7 ], [ -122.938, 48.79 ], [ -122.818, 48.745 ], [ -122.743, 48.662 ], [ -122.799, 48.605 ], [ -122.771, 48.562 ], [ -122.779, 48.509 ], [ -122.818, 48.484 ], [ -122.804, 48.429 ], [ -122.874, 48.418 ], [ -123.141, 48.505 ], [ -123.237, 48.683 ] ] ], [ [ [ -124.726, 48.386 ], [ -124.653, 48.391 ], [ -124.051, 48.178 ], [ -123.315, 48.114 ], [ -123.239, 48.118 ], [ -123.145, 48.176 ], [ -123.004, 48.091 ], [ -122.76, 48.143 ], [ -122.698, 48.103 ], [ -122.701, 47.973 ], [ -122.651, 47.921 ], [ -122.547, 47.967 ], [ -122.543, 47.996 ], [ -122.607, 48.031 ], [ -122.598, 48.111 ], [ -122.633, 48.163 ], [ -122.712, 48.194 ], [ -122.753, 48.26 ], [ -122.665, 48.416 ], [ -122.689, 48.477 ], [ -122.643, 48.588 ], [ -122.733, 48.838 ], [ -122.822, 48.941 ], [ -122.758, 49.002 ], [ -117.032, 48.999 ], [ -117.036, 46.41 ], [ -117.063, 46.354 ], [ -116.997, 46.303 ], [ -116.963, 46.2 ], [ -116.924, 46.171 ], [ -116.982, 46.085 ], [ -116.916, 45.995 ], [ -118.987, 46.0 ], [ -119.126, 45.933 ], [ -119.601, 45.92 ], [ -119.67, 45.857 ], [ -119.966, 45.824 ], [ -120.211, 45.726 ], [ -120.506, 45.7 ], [ -120.635, 45.746 ], [ -120.896, 45.643 ], [ -121.085, 45.648 ], [ -121.184, 45.606 ], [ -121.216, 45.671 ], [ -121.533, 45.727 ], [ -121.867, 45.693 ], [ -122.004, 45.616 ], [ -122.263, 45.544 ], [ -122.644, 45.61 ], [ -122.775, 45.68 ], [ -122.761, 45.759 ], [ -122.796, 45.81 ], [ -122.814, 45.961 ], [ -122.904, 46.084 ], [ -123.116, 46.185 ], [ -123.371, 46.146 ], [ -123.431, 46.182 ], [ -123.428, 46.229 ], [ -123.48, 46.269 ], [ -123.67, 46.267 ], [ -123.701, 46.305 ], [ -123.876, 46.24 ], [ -123.969, 46.291 ], [ -124.081, 46.267 ], [ -124.07, 46.631 ], [ -123.961, 46.636 ], [ -123.923, 46.673 ], [ -124.081, 46.735 ], [ -124.138, 46.906 ], [ -124.18, 46.926 ], [ -124.189, 47.158 ], [ -124.236, 47.287 ], [ -124.319, 47.356 ], [ -124.412, 47.691 ], [ -124.672, 47.964 ], [ -124.722, 48.153 ], [ -124.669, 48.296 ], [ -124.726, 48.386 ] ] ] ] } },
{ "type": "Feature", "properties": { "STUSPS": "OK" }, "geometry": { "type": "Polygon", "coordinates": [ [ [ -103.002, 36.5 ], [ -103.002, 37.0 ], [ -94.618, 36.999 ], [ -94.618, 36.499 ], [ -94.432, 35.37 ], [ -94.486, 33.638 ], [ -94.529, 33.622 ], [ -94.573, 33.67 ], [ -94.766, 33.748 ], [ -94.842, 33.739 ], [ -94.982, 33.852 ], [ -95.226, 33.962 ], [ -95.283, 33.878 ], [ -95.352, 33.868 ], [ -95.525, 33.885 ], [ -95.557, 33.927 ], [ -95.604, 33.927 ], [ -95.821, 33.858 ], [ -95.935, 33.875 ], [ -96.152, 33.832 ], [ -96.229, 33.748 ], [ -96.277, 33.77 ], [ -96.363, 33.694 ], [ -96.436, 33.78 ], [ -96.502, 33.773 ], [ -96.524, 33.818 ], [ -96.593, 33.831 ], [ -96.59, 33.881 ], [ -96.66, 33.917 ], [ -96.712, 33.832 ], [ -96.794, 33.869 ], [ -96.851, 33.847 ], [ -96.905, 33.947 ], [ -96.952, 33.945 ], [ -96.986, 33.887 ], [ -97.056, 33.856 ], [ -97.091, 33.735 ], [ -97.149, 33.722 ], [ -97.206, 33.81 ], [ -97.167, 33.847 ], [ -97.206, 33.914 ], [ -97.373, 33.819 ], [ -97.444, 33.824 ], [ -97.487, 33.917 ], [ -97.558, 33.897 ], [ -97.609, 33.968 ], [ -97.672, 33.991 ], [ -97.866, 33.849 ], [ -97.951, 33.878 ], [ -97.948, 33.991 ], [ -98.083, 34.002 ], [ -98.123, 34.155 ], [ -98.169, 34.114 ], [ -98.364, 34.157 ], [ -98.414, 34.085 ], [ -98.475, 34.064 ], [ -98.577, 34.149 ], [ -98.648, 34.164 ], [ -98.737, 34.131 ], [ -98.94, 34.204 ], [ -99.19, 34.214 ], [ -99.212, 34.314 ], [ -99.35, 34.437 ], [ -99.395, 34.442 ], [ -99.42, 34.38 ], [ -99.584, 34.408 ], [ -99.6, 34.375 ], [ -99.696, 34.381 ], [ -99.929, 34.577 ], [ -100.0, 34.561 ], [ -100.0, 36.5 ], [ -103.002, 36.5 ] ] ] } },
{ "type": "Feature", "properties": { "STUSPS": "WV" }, "geometry": { "type": "Polygon", "coordinates": [ [ [ -82.626, 38.135 ], [ -82.572, 38.316 ], [ -82.594, 38.422 ], [ -82.561, 38.404 ], [ -82.324, 38.449 ], [ -82.274, 38.594 ], [ -82.175, 38.608 ], [ -82.209, 38.803 ], [ -82.162, 38.825 ], [ -82.042, 39.018 ], [ -81.942, 38.993 ], [ -81.898, 38.93 ], [ -81.827, 38.946 ], [ -81.776, 38.981 ], [ -81.808, 39.084 ], [ -81.743, 39.107 ], [ -81.753, 39.185 ], [ -81.678, 39.274 ], [ -81.565, 39.276 ], [ -81.56, 39.331 ], [ -81.456, 39.409 ], [ -81.348, 39.346 ], [ -81.249, 39.39 ], [ -81.129, 39.449 ], [ -80.866, 39.663 ], [ -80.83, 39.712 ], [ -80.87, 39.764 ], [ -80.825, 39.801 ], [ -80.803, 39.919 ], [ -80.74, 39.971 ], [ -80.737, 40.08 ], [ -80.607, 40.304 ], [ -80.632, 40.385 ], [ -80.605, 40.447 ], [ -80.668, 40.582 ], [ -80.627, 40.62 ], [ -80.519, 40.639 ], [ -80.519, 39.721 ], [ -79.477, 39.721 ], [ -79.487, 39.206 ], [ -79.284, 39.31 ], [ -79.091, 39.472 ], [ -78.957, 39.44 ], [ -78.771, 39.638 ], [ -78.707, 39.556 ], [ -78.461, 39.526 ], [ -78.383, 39.622 ], [ -78.082, 39.671 ], [ -78.007, 39.601 ], [ -77.83, 39.587 ], [ -77.72, 39.321 ], [ -77.828, 39.132 ], [ -78.347, 39.466 ], [ -78.34, 39.353 ], [ -78.402, 39.277 ], [ -78.414, 39.158 ], [ -78.562, 39.009 ], [ -78.773, 38.894 ], [ -78.869, 38.763 ], [ -78.999, 38.84 ], [ -79.093, 38.66 ], [ -79.298, 38.416 ], [ -79.477, 38.457 ], [ -79.543, 38.553 ], [ -79.649, 38.592 ], [ -79.69, 38.431 ], [ -79.804, 38.314 ], [ -79.788, 38.273 ], [ -79.916, 38.184 ], [ -79.971, 38.044 ], [ -80.2, 37.828 ], [ -80.292, 37.684 ], [ -80.223, 37.623 ], [ -80.282, 37.585 ], [ -80.292, 37.537 ], [ -80.465, 37.426 ], [ -80.545, 37.475 ], [ -80.77, 37.372 ], [ -80.865, 37.42 ], [ -80.883, 37.384 ], [ -80.835, 37.335 ], [ -81.225, 37.235 ], [ -81.362, 37.338 ], [ -81.561, 37.207 ], [ -81.679, 37.202 ], [ -81.775, 37.275 ], [ -81.85, 37.285 ], [ -81.985, 37.454 ], [ -81.932, 37.512 ], [ -82.064, 37.545 ], [ -82.296, 37.686 ], [ -82.419, 37.872 ], [ -82.488, 37.917 ], [ -82.465, 37.977 ], [ -82.626, 38.135 ] ] ] } },
{ "type": "Feature", "properties": { "STUSPS": "AK" }, "geometry": { "type": "MultiPolygon", "coordinates": [ [ [ [ 179.481, 51.975 ], [ 179.637, 52.026 ], [ 179.774, 51.971 ], [ 179.743, 51.912 ], [ 179.649, 51.874 ], [ 179.485, 51.921 ], [ 179.481, 51.975 ] ] ], [ [ [ 178.6, 51.655 ], [ 178.661, 51.683 ], [ 178.925, 51.624 ], [ 179.296, 51.419 ], [ 179.418, 51.416 ], [ 179.48, 51.364 ], [ 179.253, 51.337 ], [ 178.869, 51.557 ], [ 178.772, 51.554 ], [ 178.605, 51.616 ], [ 178.6, 51.655 ] ] ], [ [ [ 178.463, 51.988 ], [ 178.553, 51.974 ], [ 178.592, 51.953 ], [ 178.502, 51.9 ], [ 178.432, 51.966 ], [ 178.463, 51.988 ] ] ], [ [ [ 178.204, 51.831 ], [ 178.33, 51.837 ], [ 178.378, 51.793 ], [ 178.374, 51.748 ], [ 178.271, 51.765 ], [ 178.204, 51.831 ] ] ], [ [ [ 178.094, 52.055 ], [ 178.155, 52.061 ], [ 178.201, 52.032 ], [ 178.201, 51.991 ], [ 178.121, 51.977 ], [ 178.079, 52.019 ], [ 178.094, 52.055 ] ] ], [ [ [ 177.213, 51.92 ], [ 177.461, 52.0 ], [ 177.581, 52.145 ], [ 177.649, 52.131 ], [ 177.676, 52.092 ], [ 177.572, 52.002 ], [ 177.601, 51.922 ], [ 177.41, 51.931 ], [ 177.312, 51.826 ], [ 177.179, 51.879 ], [ 177.213, 51.92 ] ] ], [ [ [ 173.864, 52.792 ], [ 174.14, 52.751 ], [ 174.158, 52.706 ], [ 173.975, 52.707 ], [ 173.819, 52.76 ], [ 173.864, 52.792 ] ] ], [ [ [ 173.439, 52.471 ], [ 173.556, 52.479 ], [ 173.638, 52.524 ], [ 173.773, 52.51 ], [ 173.702, 52.435 ], [ 173.748, 52.392 ], [ 173.726, 52.357 ], [ 173.544, 52.393 ], [ 173.486, 52.369 ], [ 173.32, 52.412 ], [ 173.439, 52.471 ] ] ], [ [ [ 172.459, 52.955 ], [ 172.643, 53.005 ], [ 173.122, 52.99 ], [ 173.425, 52.868 ], [ 173.424, 52.829 ], [ 173.205, 52.849 ], [ 173.167, 52.795 ], [ 172.904, 52.762 ], [ 172.809, 52.789 ], [ 172.763, 52.824 ], [ 172.754, 52.877 ], [ 172.67, 52.913 ], [ 172.473, 52.89 ], [ 172.459, 52.955 ] ] ], [ [ [ -133.935, 55.921 ], [ -133.816, 55.964 ], [ -133.659, 56.084 ], [ -133.656, 56.327 ], [ -133.582, 56.353 ], [ -133.197, 56.333 ], [ -133.078, 56.247 ], [ -132.967, 56.224 ], [ -132.834, 56.104 ], [ -132.896, 56.1 ], [ -132.838, 56.024 ], [ -132.618, 55.911 ], [ -132.471, 55.782 ], [ -132.463, 55.674 ], [ -132.383, 55.665 ], [ -132.301, 55.551 ], [ -132.143, 55.458 ], [ -132.258, 55.416 ], [ -132.126, 55.288 ], [ -132.037, 55.275 ], [ -131.977, 55.181 ], [ -132.028, 55.105 ], [ -131.985, 55.028 ], [ -131.958, 54.791 ], [ -132.03, 54.701 ], [ -132.308, 54.719 ], [ -132.404, 54.785 ], [ -132.639, 54.753 ], [ -132.674, 54.675 ], [ -132.866, 54.7 ], [ -132.877, 54.754 ], [ -133.165, 54.977 ], [ -133.24, 55.092 ], [ -133.215, 55.137 ], [ -133.232, 55.199 ], [ -133.404, 55.215 ], [ -133.472, 55.248 ], [ -133.468, 55.282 ], [ -133.587, 55.309 ], [ -133.597, 55.218 ], [ -133.658, 55.233 ], [ -133.69, 55.304 ], [ -133.633, 55.361 ], [ -133.631, 55.416 ], [ -133.698, 55.455 ], [ -133.789, 55.458 ], [ -133.717, 55.66 ], [ -133.643, 55.729 ], [ -133.701, 55.785 ], [ -133.7, 55.837 ], [ -133.92, 55.86 ], [ -133.935, 55.921 ] ] ], [ [ [ -134.419, 56.822 ], [ -134.27, 56.936 ], [ -134.147, 56.957 ], [ -134.048, 56.923 ], [ -133.943, 56.806 ], [ -133.869, 56.846 ], [ -133.921, 56.962 ], [ -134.049, 57.029 ], [ -134.009, 57.075 ], [ -133.888, 57.098 ], [ -133.334, 57.002 ], [ -133.105, 57.006 ], [ -132.981, 56.927 ], [ -132.903, 56.804 ], [ -132.797, 56.777 ], [ -132.743, 56.714 ], [ -132.619, 56.661 ], [ -132.611, 56.6 ], [ -132.671, 56.543 ], [ -132.807, 56.505 ], [ -133.042, 56.518 ], [ -133.183, 56.454 ], [ -133.655, 56.442 ], [ -133.822, 56.392 ], [ -133.881, 56.223 ], [ -133.942, 56.18 ], [ -133.928, 56.146 ], [ -133.961, 56.091 ], [ -134.087, 56.095 ], [ -134.122, 56.03 ], [ -134.1, 55.984 ], [ -134.118, 55.915 ], [ -134.312, 55.812 ], [ -134.375, 55.928 ], [ -134.292, 55.926 ], [ -134.202, 56.035 ], [ -134.26, 56.134 ], [ -134.295, 56.336 ], [ -134.198, 56.531 ], [ -134.32, 56.554 ], [ -134.301, 56.62 ], [ -134.376, 56.669 ], [ -134.419, 56.822 ] ] ], [ [ [ -134.961, 58.404 ], [ -134.788, 58.289 ], [ -134.7, 58.161 ], [ -134.174, 58.125 ], [ -134.184, 58.077 ], [ -133.905, 57.807 ], [ -133.897, 57.686 ], [ -133.808, 57.61 ], [ -133.872, 57.484 ], [ -133.867, 57.368 ], [ -133.786, 57.312 ], [ -133.841, 57.271 ], [ -133.984, 57.303 ], [ -134.1, 57.266 ], [ -134.194, 57.185 ], [ -134.378, 57.115 ], [ -134.498, 57.031 ], [ -134.566, 57.024 ], [ -134.635, 57.11 ], [ -134.64, 57.24 ], [ -134.556, 57.407 ], [ -134.695, 57.685 ], [ -134.784, 58.082 ], [ -134.958, 58.322 ], [ -134.961, 58.404 ] ] ], [ [ [ -136.573, 57.927 ], [ -136.539, 58.093 ], [ -136.366, 58.149 ], [ -136.387, 58.252 ], [ -135.877, 58.26 ], [ -135.783, 58.287 ], [ -135.712, 58.232 ], [ -135.276, 58.097 ], [ -135.109, 58.088 ], [ -134.951, 58.037 ], [ -134.926, 57.922 ], [ -135.005, 57.884 ], [ -134.825, 57.5 ], [ -134.855, 57.265 ], [ -134.616, 56.637 ], [ -134.627, 56.554 ], [ -134.67, 56.524 ], [ -134.635, 56.266 ], [ -134.674, 56.167 ], [ -134.81, 56.245 ], [ -135.176, 56.678 ], [ -135.216, 56.665 ], [ -135.362, 56.759 ], [ -135.467, 56.771 ], [ -135.551, 56.841 ], [ -135.353, 57.021 ], [ -135.572, 57.106 ], [ -135.637, 57.01 ], [ -135.856, 56.996 ], [ -135.845, 57.084 ], [ -135.755, 57.124 ], [ -135.754, 57.167 ], [ -135.832, 57.171 ], [ -135.871, 57.222 ], [ -135.838, 57.282 ], [ -135.892, 57.408 ], [ -136.088, 57.555 ], [ -136.163, 57.559 ], [ -136.372, 57.833 ], [ -136.573, 57.927 ] ] ], [ [ [ -152.064, 60.417 ], [ -151.952, 60.511 ], [ -151.839, 60.486 ], [ -151.956, 60.368 ], [ -152.08, 60.341 ], [ -152.064, 60.417 ] ] ], [ [ [ -153.597, 59.387 ], [ -153.412, 59.415 ], [ -153.348, 59.378 ], [ -153.387, 59.331 ], [ -153.515, 59.321 ], [ -153.597, 59.387 ] ] ], [ [ [ -154.78, 57.366 ], [ -154.522, 57.578 ], [ -154.197, 57.665 ], [ -153.995, 57.657 ], [ -153.93, 57.697 ], [ -153.935, 57.813 ], [ -153.721, 57.891 ], [ -153.512, 57.909 ], [ -153.533, 57.941 ], [ -153.485, 57.977 ], [ -153.386, 57.937 ], [ -153.299, 57.986 ], [ -153.42, 58.06 ], [ -153.316, 58.14 ], [ -153.224, 58.162 ], [ -153.203, 58.208 ], [ -153.044, 58.306 ], [ -152.926, 58.34 ], [ -152.883, 58.4 ], [ -152.64, 58.47 ], [ -152.666, 58.544 ], [ -152.56, 58.62 ], [ -152.355, 58.638 ], [ -152.337, 58.589 ], [ -152.512, 58.427 ], [ -152.498, 58.372 ], [ -152.387, 58.359 ], [ -152.345, 58.392 ], [ -152.356, 58.423 ], [ -152.302, 58.429 ], [ -152.228, 58.376 ], [ -152.129, 58.396 ], [ -151.817, 58.263 ], [ -151.796, 58.211 ], [ -151.862, 58.168 ], [ -152.034, 58.184 ], [ -152.112, 58.149 ], [ -152.483, 58.13 ], [ -152.767, 58.03 ], [ -152.723, 57.987 ], [ -152.805, 57.899 ], [ -152.753, 57.834 ], [ -152.635, 57.919 ], [ -152.526, 57.913 ], [ -152.433, 57.976 ], [ -152.324, 57.917 ], [ -152.351, 57.835 ], [ -152.212, 57.791 ], [ -152.299, 57.746 ], [ -152.44, 57.727 ], [ -152.314, 57.636 ], [ -152.162, 57.623 ], [ -152.16, 57.594 ], [ -152.324, 57.468 ], [ -152.254, 57.384 ], [ -152.324, 57.343 ], [ -152.475, 57.434 ], [ -152.571, 57.449 ], [ -152.63, 57.323 ], [ -152.696, 57.281 ], [ -152.943, 57.257 ], [ -152.949, 57.187 ], [ -152.88, 57.165 ], [ -152.901, 57.132 ], [ -153.064, 57.104 ], [ -153.342, 56.983 ], [ -153.404, 57.081 ], [ -153.581, 57.049 ], [ -153.543, 56.995 ], [ -153.541, 56.888 ], [ -153.84, 56.822 ], [ -154.017, 56.689 ], [ -154.153, 56.682 ], [ -154.129, 56.742 ], [ -154.306, 56.847 ], [ -154.313, 56.919 ], [ -154.529, 57.002 ], [ -154.523, 57.129 ], [ -154.595, 57.257 ], [ -154.794, 57.289 ], [ -154.78, 57.366 ] ] ], [ [ [ -154.84, 56.42 ], [ -154.706, 56.521 ], [ -154.514, 56.604 ], [ -154.096, 56.618 ], [ -154.025, 56.573 ], [ -153.879, 56.566 ], [ -153.888, 56.534 ], [ -154.021, 56.482 ], [ -154.53, 56.503 ], [ -154.743, 56.402 ], [ -154.84, 56.42 ] ] ], [ [ [ -155.75, 55.822 ], [ -155.605, 55.929 ], [ -155.531, 55.912 ], [ -155.591, 55.762 ], [ -155.719, 55.772 ], [ -155.75, 55.822 ] ] ], [ [ [ -156.734, 56.078 ], [ -156.683, 56.099 ], [ -156.615, 56.065 ], [ -156.618, 56.018 ], [ -156.682, 55.994 ], [ -156.735, 56.023 ], [ -156.734, 56.078 ] ] ], [ [ [ -157.289, 56.566 ], [ -157.172, 56.598 ], [ -156.976, 56.54 ], [ -157.326, 56.525 ], [ -157.289, 56.566 ] ] ], [ [ [ -160.253, 54.913 ], [ -160.187, 55.118 ], [ -160.137, 55.172 ], [ -159.871, 55.285 ], [ -159.816, 55.178 ], [ -159.67, 55.182 ], [ -159.521, 55.253 ], [ -159.489, 55.189 ], [ -159.203, 54.915 ], [ -159.31, 54.866 ], [ -159.448, 54.941 ], [ -159.504, 55.027 ], [ -159.753, 55.066 ], [ -159.814, 55.027 ], [ -160.027, 55.021 ], [ -160.227, 54.864 ], [ -160.253, 54.913 ] ] ], [ [ [ -160.857, 55.318 ], [ -160.809, 55.37 ], [ -160.687, 55.402 ], [ -160.518, 55.379 ], [ -160.261, 55.464 ], [ -160.137, 55.451 ], [ -160.154, 55.378 ], [ -160.307, 55.303 ], [ -160.341, 55.252 ], [ -160.468, 55.289 ], [ -160.528, 55.256 ], [ -160.487, 55.182 ], [ -160.525, 55.13 ], [ -160.656, 55.16 ], [ -160.821, 55.118 ], [ -160.857, 55.318 ] ] ], [ [ [ -161.076, 58.55 ], [ -161.057, 58.702 ], [ -160.701, 58.817 ], [ -160.679, 58.78 ], [ -160.881, 58.581 ], [ -161.076, 58.55 ] ] ], [ [ [ -161.426, 55.217 ], [ -161.33, 55.219 ], [ -161.344, 55.159 ], [ -161.451, 55.178 ], [ -161.426, 55.217 ] ] ], [ [ [ -161.697, 55.249 ], [ -161.523, 55.272 ], [ -161.56, 55.207 ], [ -161.692, 55.198 ], [ -161.697, 55.249 ] ] ], [ [ [ -162.844, 54.51 ], [ -162.585, 54.448 ], [ -162.345, 54.401 ], [ -162.467, 54.343 ], [ -162.76, 54.372 ], [ -162.862, 54.425 ], [ -162.844, 54.51 ] ] ], [ [ [ -165.602, 54.045 ], [ -165.281, 54.116 ], [ -165.008, 54.135 ], [ -164.824, 54.226 ], [ -164.764, 54.223 ], [ -164.956, 54.061 ], [ -165.556, 54.024 ], [ -165.602, 54.045 ] ] ], [ [ [ -166.062, 54.185 ], [ -165.868, 54.215 ], [ -165.626, 54.299 ], [ -165.478, 54.295 ], [ -165.384, 54.197 ], [ -165.549, 54.112 ], [ -165.875, 54.036 ], [ -165.902, 54.063 ], [ -166.046, 54.044 ], [ -166.112, 54.123 ], [ -166.062, 54.185 ] ] ], [ [ [ -167.431, 60.197 ], [ -167.318, 60.232 ], [ -166.843, 60.21 ], [ -166.813, 60.25 ], [ -166.836, 60.269 ], [ -166.714, 60.327 ], [ -166.617, 60.319 ], [ -166.49, 60.389 ], [ -166.372, 60.355 ], [ -166.15, 60.437 ], [ -166.037, 60.319 ], [ -165.883, 60.343 ], [ -165.68, 60.292 ], [ -165.723, 60.236 ], [ -165.684, 60.198 ], [ -165.723, 60.164 ], [ -165.667, 60.124 ], [ -165.709, 60.066 ], [ -165.533, 59.953 ], [ -165.582, 59.908 ], [ -165.707, 59.884 ], [ -165.982, 59.872 ], [ -166.085, 59.84 ], [ -166.084, 59.776 ], [ -166.19, 59.75 ], [ -166.362, 59.839 ], [ -166.666, 59.878 ], [ -167.333, 60.067 ], [ -167.344, 60.126 ], [ -167.431, 60.197 ] ] ], [ [ [ -167.852, 53.309 ], [ -167.694, 53.388 ], [ -167.279, 53.479 ], [ -167.136, 53.551 ], [ -167.162, 53.606 ], [ -167.006, 53.755 ], [ -167.142, 53.827 ], [ -167.141, 53.867 ], [ -167.031, 53.945 ], [ -166.743, 54.016 ], [ -166.645, 54.014 ], [ -166.508, 53.924 ], [ -166.357, 54.002 ], [ -166.075, 53.97 ], [ -166.405, 53.809 ], [ -166.337, 53.787 ], [ -166.113, 53.854 ], [ -166.098, 53.827 ], [ -166.139, 53.731 ], [ -166.445, 53.641 ], [ -166.749, 53.441 ], [ -167.166, 53.413 ], [ -167.308, 53.334 ], [ -167.418, 53.33 ], [ -167.488, 53.269 ], [ -167.622, 53.25 ], [ -167.852, 53.309 ] ] ], [ [ [ -168.129, 65.656 ], [ -167.98, 65.728 ], [ -167.283, 65.897 ], [ -166.038, 66.27 ], [ -165.407, 66.42 ], [ -164.401, 66.581 ], [ -163.824, 66.592 ], [ -163.604, 66.558 ], [ -163.873, 66.389 ], [ -163.843, 66.26 ], [ -163.925, 66.225 ], [ -163.804, 66.1 ], [ -163.695, 66.06 ], [ -162.751, 66.09 ], [ -162.622, 66.04 ], [ -162.331, 66.031 ], [ -162.137, 66.079 ], [ -161.838, 66.023 ], [ -161.485, 66.262 ], [ -161.199, 66.211 ], [ -160.994, 66.234 ], [ -161.089, 66.315 ], [ -161.322, 66.369 ], [ -161.694, 66.396 ], [ -161.916, 66.349 ], [ -161.864, 66.459 ], [ -161.875, 66.511 ], [ -162.106, 66.623 ], [ -162.175, 66.688 ], [ -162.501, 66.743 ], [ -162.627, 66.86 ], [ -162.467, 66.951 ], [ -162.468, 66.981 ], [ -162.843, 66.991 ], [ -163.702, 67.109 ], [ -163.879, 67.416 ], [ -164.051, 67.566 ], [ -164.257, 67.652 ], [ -165.35, 68.026 ], [ -165.975, 68.141 ], [ -166.089, 68.221 ], [ -166.313, 68.289 ], [ -166.839, 68.337 ], [ -166.328, 68.442 ], [ -166.193, 68.727 ], [ -166.224, 68.873 ], [ -165.522, 68.856 ], [ -164.253, 68.931 ], [ -163.927, 69.001 ], [ -163.574, 69.124 ], [ -163.245, 69.306 ], [ -163.151, 69.43 ], [ -163.151, 69.613 ], [ -162.989, 69.825 ], [ -162.302, 70.204 ], [ -161.879, 70.329 ], [ -161.288, 70.297 ], [ -160.813, 70.377 ], [ -160.215, 70.559 ], [ -159.648, 70.794 ], [ -159.172, 70.875 ], [ -159.115, 70.817 ], [ -158.853, 70.792 ], [ -158.032, 70.832 ], [ -157.768, 70.876 ], [ -157.421, 70.977 ], [ -156.81, 71.287 ], [ -156.569, 71.353 ], [ -156.531, 71.296 ], [ -156.074, 71.242 ], [ -156.045, 71.185 ], [ -155.588, 71.173 ], [ -155.521, 71.102 ], [ -155.533, 71.068 ], [ -155.762, 70.986 ], [ -155.952, 70.965 ], [ -155.979, 70.919 ], [ -155.925, 70.853 ], [ -155.732, 70.831 ], [ -155.543, 70.847 ], [ -155.486, 70.886 ], [ -155.513, 70.941 ], [ -155.364, 70.994 ], [ -155.263, 71.079 ], [ -155.061, 71.145 ], [ -154.581, 71.007 ], [ -154.608, 70.942 ], [ -154.572, 70.826 ], [ -154.29, 70.821 ], [ -154.127, 70.778 ], [ -153.89, 70.886 ], [ -153.426, 70.89 ], [ -153.238, 70.922 ], [ -152.223, 70.825 ], [ -152.192, 70.795 ], [ -152.348, 70.744 ], [ -152.352, 70.698 ], [ -152.473, 70.684 ], [ -152.434, 70.617 ], [ -151.697, 70.548 ], [ -151.74, 70.436 ], [ -151.504, 70.431 ], [ -151.175, 70.376 ], [ -150.904, 70.461 ], [ -150.557, 70.482 ], [ -150.302, 70.418 ], [ -150.074, 70.439 ], [ -149.867, 70.511 ], [ -149.462, 70.518 ], [ -148.929, 70.427 ], [ -148.667, 70.43 ], [ -148.477, 70.359 ], [ -148.466, 70.314 ], [ -148.351, 70.304 ], [ -148.203, 70.348 ], [ -147.962, 70.314 ], [ -147.864, 70.293 ], [ -147.765, 70.22 ], [ -147.432, 70.189 ], [ -147.233, 70.208 ], [ -147.162, 70.156 ], [ -146.991, 70.148 ], [ -146.886, 70.186 ], [ -146.006, 70.14 ], [ -145.858, 70.166 ], [ -145.435, 70.037 ], [ -144.902, 69.965 ], [ -144.672, 69.967 ], [ -144.455, 70.035 ], [ -143.914, 70.116 ], [ -143.282, 70.151 ], [ -142.747, 70.043 ], [ -142.453, 69.958 ], [ -142.404, 69.917 ], [ -141.713, 69.789 ], [ -141.431, 69.695 ], [ -141.003, 69.646 ], [ -141.002, 60.306 ], [ -140.535, 60.224 ], [ -140.472, 60.311 ], [ -139.989, 60.185 ], [ -139.698, 60.34 ], [ -139.087, 60.358 ], [ -139.2, 60.091 ], [ -139.046, 59.998 ], [ -138.702, 59.91 ], [ -138.643, 59.793 ], [ -138.585, 59.752 ], [ -137.604, 59.243 ], [ -137.499, 58.987 ], [ -137.526, 58.907 ], [ -137.447, 58.91 ], [ -136.827, 59.158 ], [ -136.582, 59.165 ], [ -136.467, 59.284 ], [ -136.474, 59.464 ], [ -136.358, 59.45 ], [ -136.234, 59.525 ], [ -136.237, 59.559 ], [ -136.351, 59.599 ], [ -135.946, 59.664 ], [ -135.477, 59.8 ], [ -135.231, 59.697 ], [ -135.027, 59.564 ], [ -135.026, 59.475 ], [ -135.067, 59.422 ], [ -135.01, 59.381 ], [ -135.029, 59.345 ], [ -134.962, 59.28 ], [ -134.702, 59.248 ], [ -134.664, 59.181 ], [ -134.567, 59.128 ], [ -134.481, 59.128 ], [ -134.38, 59.035 ], [ -134.401, 58.976 ], [ -134.328, 58.963 ], [ -134.329, 58.92 ], [ -134.251, 58.858 ], [ -133.84, 58.728 ], [ -133.7, 58.607 ], [ -133.38, 58.428 ], [ -133.461, 58.386 ], [ -133.176, 58.15 ], [ -133.076, 58.0 ], [ -132.869, 57.843 ], [ -132.252, 57.216 ], [ -132.371, 57.095 ], [ -132.051, 57.051 ], [ -132.126, 56.875 ], [ -131.872, 56.805 ], [ -131.902, 56.753 ], [ -131.835, 56.602 ], [ -131.581, 56.613 ], [ -131.086, 56.407 ], [ -130.811, 56.371 ], [ -130.622, 56.268 ], [ -130.467, 56.24 ], [ -130.426, 56.141 ], [ -130.246, 56.097 ], [ -130.103, 56.117 ], [ -130.004, 55.993 ], [ -130.013, 55.916 ], [ -130.124, 55.807 ], [ -130.15, 55.727 ], [ -130.112, 55.682 ], [ -130.12, 55.564 ], [ -129.982, 55.302 ], [ -130.34, 54.921 ], [ -130.637, 54.778 ], [ -130.628, 54.739 ], [ -130.686, 54.717 ], [ -130.792, 54.785 ], [ -130.867, 54.769 ], [ -130.932, 54.807 ], [ -130.975, 54.975 ], [ -131.012, 54.996 ], [ -131.013, 55.09 ], [ -131.094, 55.191 ], [ -131.16, 55.197 ], [ -131.19, 55.043 ], [ -131.246, 54.99 ], [ -131.246, 54.94 ], [ -131.195, 54.92 ], [ -131.254, 54.867 ], [ -131.328, 54.859 ], [ -131.492, 54.93 ], [ -131.595, 54.931 ], [ -131.622, 54.947 ], [ -131.606, 55.004 ], [ -131.646, 55.036 ], [ -131.589, 55.089 ], [ -131.605, 55.107 ], [ -131.748, 55.129 ], [ -131.828, 55.198 ], [ -131.862, 55.289 ], [ -131.844, 55.457 ], [ -132.183, 55.588 ], [ -132.265, 55.762 ], [ -132.13, 55.811 ], [ -132.067, 55.875 ], [ -132.28, 55.925 ], [ -132.323, 55.852 ], [ -132.397, 55.879 ], [ -132.493, 56.066 ], [ -132.594, 56.022 ], [ -132.709, 56.112 ], [ -132.718, 56.218 ], [ -132.878, 56.24 ], [ -133.07, 56.331 ], [ -132.977, 56.44 ], [ -132.628, 56.463 ], [ -132.451, 56.564 ], [ -132.529, 56.638 ], [ -132.557, 56.757 ], [ -132.792, 56.856 ], [ -132.938, 57.048 ], [ -133.161, 57.086 ], [ -133.247, 57.137 ], [ -133.322, 57.113 ], [ -133.467, 57.159 ], [ -133.545, 57.243 ], [ -133.472, 57.369 ], [ -133.52, 57.531 ], [ -133.676, 57.625 ], [ -133.655, 57.714 ], [ -133.703, 57.792 ], [ -133.849, 57.935 ], [ -134.05, 58.062 ], [ -134.078, 58.152 ], [ -134.147, 58.199 ], [ -134.631, 58.247 ], [ -134.751, 58.392 ], [ -134.937, 58.457 ], [ -135.104, 58.449 ], [ -135.049, 58.309 ], [ -135.101, 58.293 ], [ -135.088, 58.2 ], [ -135.307, 58.243 ], [ -135.408, 58.343 ], [ -135.65, 58.325 ], [ -135.728, 58.397 ], [ -136.042, 58.38 ], [ -136.266, 58.314 ], [ -136.545, 58.317 ], [ -136.592, 58.218 ], [ -136.701, 58.219 ], [ -136.717, 58.274 ], [ -136.858, 58.316 ], [ -136.986, 58.404 ], [ -137.078, 58.397 ], [ -137.654, 58.608 ], [ -137.682, 58.656 ], [ -137.942, 58.794 ], [ -137.925, 58.844 ], [ -137.952, 58.886 ], [ -138.224, 59.032 ], [ -138.637, 59.131 ], [ -138.92, 59.249 ], [ -139.42, 59.38 ], [ -139.861, 59.547 ], [ -139.743, 59.624 ], [ -139.586, 59.643 ], [ -139.609, 59.822 ], [ -139.777, 59.834 ], [ -140.176, 59.736 ], [ -140.243, 59.688 ], [ -140.793, 59.729 ], [ -141.393, 59.87 ], [ -141.595, 59.962 ], [ -142.427, 60.071 ], [ -142.909, 60.09 ], [ -143.624, 60.037 ], [ -143.897, 59.986 ], [ -144.006, 60.013 ], [ -144.11, 60.099 ], [ -144.187, 60.117 ], [ -144.349, 60.091 ], [ -144.429, 60.148 ], [ -144.655, 60.205 ], [ -144.929, 60.228 ], [ -144.958, 60.288 ], [ -145.089, 60.32 ], [ -145.137, 60.296 ], [ -145.38, 60.353 ], [ -145.639, 60.302 ], [ -145.989, 60.387 ], [ -146.393, 60.327 ], [ -146.608, 60.241 ], [ -146.694, 60.28 ], [ -146.916, 60.291 ], [ -147.376, 60.016 ], [ -147.34, 59.962 ], [ -147.452, 59.954 ], [ -147.47, 59.907 ], [ -147.392, 59.878 ], [ -147.876, 59.764 ], [ -147.929, 59.784 ], [ -147.913, 59.837 ], [ -147.855, 59.872 ], [ -147.957, 59.959 ], [ -148.254, 59.932 ], [ -148.221, 59.976 ], [ -148.314, 60.034 ], [ -148.479, 59.936 ], [ -148.635, 59.916 ], [ -148.689, 59.945 ], [ -148.801, 59.953 ], [ -148.86, 59.924 ], [ -149.123, 59.969 ], [ -149.377, 59.836 ], [ -149.472, 59.904 ], [ -149.573, 59.852 ], [ -149.596, 59.798 ], [ -149.507, 59.771 ], [ -149.528, 59.707 ], [ -149.626, 59.734 ], [ -149.732, 59.707 ], [ -149.746, 59.638 ], [ -149.843, 59.701 ], [ -149.919, 59.692 ], [ -150.281, 59.467 ], [ -150.385, 59.342 ], [ -150.43, 59.343 ], [ -150.499, 59.456 ], [ -150.581, 59.445 ], [ -150.681, 59.305 ], [ -150.722, 59.292 ], [ -150.823, 59.331 ], [ -150.913, 59.305 ], [ -150.888, 59.268 ], [ -150.942, 59.233 ], [ -151.126, 59.21 ], [ -151.471, 59.243 ], [ -151.433, 59.136 ], [ -151.662, 59.09 ], [ -151.858, 59.144 ], [ -151.984, 59.279 ], [ -151.963, 59.345 ], [ -151.887, 59.421 ], [ -151.205, 59.63 ], [ -151.297, 59.697 ], [ -151.449, 59.648 ], [ -151.643, 59.647 ], [ -151.869, 59.769 ], [ -151.718, 60.009 ], [ -151.422, 60.213 ], [ -151.367, 60.373 ], [ -151.306, 60.387 ], [ -151.282, 60.496 ], [ -151.41, 60.711 ], [ -151.261, 60.77 ], [ -151.063, 60.787 ], [ -150.402, 61.036 ], [ -150.342, 61.024 ], [ -150.194, 60.901 ], [ -149.985, 60.879 ], [ -149.854, 60.967 ], [ -149.717, 61.011 ], [ -150.005, 61.139 ], [ -150.266, 61.127 ], [ -150.205, 61.26 ], [ -150.425, 61.246 ], [ -150.536, 61.27 ], [ -150.939, 61.21 ], [ -151.048, 61.161 ], [ -151.167, 61.046 ], [ -151.48, 61.011 ], [ -151.721, 60.904 ], [ -151.8, 60.854 ], [ -151.704, 60.732 ], [ -151.716, 60.71 ], [ -151.898, 60.722 ], [ -152.039, 60.661 ], [ -152.136, 60.578 ], [ -152.261, 60.538 ], [ -152.331, 60.474 ], [ -152.302, 60.414 ], [ -152.234, 60.394 ], [ -152.377, 60.346 ], [ -152.411, 60.288 ], [ -152.575, 60.206 ], [ -152.55, 60.114 ], [ -152.575, 60.048 ], [ -152.701, 59.92 ], [ -152.861, 59.875 ], [ -152.967, 59.881 ], [ -153.052, 59.692 ], [ -153.155, 59.654 ], [ -153.542, 59.63 ], [ -153.578, 59.556 ], [ -153.761, 59.543 ], [ -153.699, 59.464 ], [ -153.747, 59.43 ], [ -153.999, 59.385 ], [ -154.031, 59.327 ], [ -154.123, 59.288 ], [ -154.181, 59.123 ], [ -154.063, 59.072 ], [ -153.696, 59.074 ], [ -153.596, 59.0 ], [ -153.48, 58.995 ], [ -153.267, 58.867 ], [ -153.369, 58.821 ], [ -153.445, 58.709 ], [ -153.553, 58.687 ], [ -153.592, 58.64 ], [ -153.851, 58.612 ], [ -153.93, 58.497 ], [ -154.002, 58.492 ], [ -154.071, 58.44 ], [ -153.985, 58.391 ], [ -154.074, 58.353 ], [ -154.145, 58.211 ], [ -154.222, 58.133 ], [ -154.582, 58.019 ], [ -154.765, 58.004 ], [ -154.877, 58.028 ], [ -155.026, 57.999 ], [ -155.119, 57.954 ], [ -155.062, 57.904 ], [ -155.097, 57.865 ], [ -155.273, 57.824 ], [ -155.285, 57.759 ], [ -155.354, 57.715 ], [ -155.609, 57.778 ], [ -155.63, 57.656 ], [ -155.724, 57.633 ], [ -155.733, 57.55 ], [ -156.047, 57.526 ], [ -156.013, 57.451 ], [ -156.22, 57.445 ], [ -156.362, 57.4 ], [ -156.334, 57.182 ], [ -156.443, 57.12 ], [ -156.551, 56.985 ], [ -156.704, 56.987 ], [ -156.826, 56.898 ], [ -156.936, 56.92 ], [ -157.035, 56.884 ], [ -157.184, 56.769 ], [ -157.291, 56.805 ], [ -157.531, 56.754 ], [ -157.564, 56.703 ], [ -157.452, 56.643 ], [ -157.497, 56.617 ], [ -157.675, 56.61 ], [ -157.792, 56.671 ], [ -157.919, 56.643 ], [ -157.818, 56.514 ], [ -157.869, 56.457 ], [ -158.372, 56.467 ], [ -158.438, 56.427 ], [ -158.49, 56.342 ], [ -158.207, 56.294 ], [ -158.118, 56.231 ], [ -158.374, 56.135 ], [ -158.431, 55.994 ], [ -158.638, 55.995 ], [ -158.653, 55.959 ], [ -159.096, 55.915 ], [ -159.086, 55.835 ], [ -159.533, 55.676 ], [ -159.572, 55.628 ], [ -159.697, 55.573 ], [ -159.734, 55.57 ], [ -159.76, 55.615 ], [ -159.679, 55.656 ], [ -159.673, 55.751 ], [ -159.627, 55.803 ], [ -159.77, 55.852 ], [ -159.847, 55.803 ], [ -160.026, 55.792 ], [ -160.058, 55.722 ], [ -160.393, 55.603 ], [ -160.521, 55.474 ], [ -160.654, 55.513 ], [ -160.667, 55.46 ], [ -160.977, 55.473 ], [ -161.254, 55.356 ], [ -161.486, 55.359 ], [ -161.514, 55.385 ], [ -161.469, 55.497 ], [ -161.376, 55.57 ], [ -161.393, 55.628 ], [ -161.587, 55.62 ], [ -161.7, 55.514 ], [ -161.686, 55.408 ], [ -161.863, 55.267 ], [ -161.817, 55.177 ], [ -161.577, 55.104 ], [ -161.55, 55.066 ], [ -161.69, 55.079 ], [ -161.792, 55.052 ], [ -161.957, 55.112 ], [ -162.053, 55.074 ], [ -162.119, 55.103 ], [ -162.219, 55.029 ], [ -162.237, 54.882 ], [ -162.283, 54.841 ], [ -162.349, 54.836 ], [ -162.428, 54.895 ], [ -162.414, 55.037 ], [ -162.471, 55.052 ], [ -162.588, 54.972 ], [ -162.834, 54.927 ], [ -162.962, 54.994 ], [ -163.353, 54.81 ], [ -163.184, 54.775 ], [ -163.069, 54.713 ], [ -163.038, 54.647 ], [ -163.223, 54.677 ], [ -163.572, 54.623 ], [ -164.038, 54.625 ], [ -164.258, 54.573 ], [ -164.338, 54.524 ], [ -164.353, 54.465 ], [ -164.457, 54.42 ], [ -164.744, 54.394 ], [ -164.861, 54.431 ], [ -164.945, 54.533 ], [ -164.949, 54.58 ], [ -164.742, 54.645 ], [ -164.577, 54.825 ], [ -164.576, 54.895 ], [ -164.435, 54.933 ], [ -164.344, 54.894 ], [ -163.774, 55.056 ], [ -163.527, 55.041 ], [ -163.43, 54.955 ], [ -163.344, 54.974 ], [ -163.281, 55.033 ], [ -163.315, 55.126 ], [ -163.132, 55.18 ], [ -162.862, 55.198 ], [ -162.9, 55.252 ], [ -162.642, 55.393 ], [ -162.22, 55.711 ], [ -161.808, 55.892 ], [ -161.157, 56.012 ], [ -160.807, 56.024 ], [ -160.793, 55.886 ], [ -160.508, 55.869 ], [ -160.457, 55.917 ], [ -160.59, 55.983 ], [ -160.489, 56.077 ], [ -160.386, 56.28 ], [ -159.828, 56.544 ], [ -158.973, 56.842 ], [ -158.853, 56.793 ], [ -158.656, 56.81 ], [ -158.679, 56.989 ], [ -158.531, 57.132 ], [ -158.32, 57.282 ], [ -158.084, 57.357 ], [ -157.932, 57.476 ], [ -157.679, 57.564 ], [ -157.709, 57.657 ], [ -157.597, 58.089 ], [ -157.48, 58.217 ], [ -157.547, 58.278 ], [ -157.541, 58.377 ], [ -157.481, 58.481 ], [ -157.136, 58.681 ], [ -156.994, 58.837 ], [ -157.016, 58.863 ], [ -157.117, 58.868 ], [ -158.14, 58.615 ], [ -158.232, 58.62 ], [ -158.332, 58.665 ], [ -158.377, 58.748 ], [ -158.565, 58.803 ], [ -158.52, 58.857 ], [ -158.62, 58.911 ], [ -158.768, 58.864 ], [ -158.78, 58.754 ], [ -158.861, 58.696 ], [ -158.704, 58.483 ], [ -158.795, 58.408 ], [ -158.881, 58.391 ], [ -159.063, 58.423 ], [ -159.41, 58.774 ], [ -159.532, 58.834 ], [ -159.644, 58.845 ], [ -159.602, 58.885 ], [ -159.616, 58.932 ], [ -159.712, 58.929 ], [ -159.793, 58.824 ], [ -159.908, 58.78 ], [ -159.979, 58.836 ], [ -160.151, 58.866 ], [ -160.323, 58.954 ], [ -160.257, 58.994 ], [ -160.318, 59.07 ], [ -160.731, 58.921 ], [ -160.823, 58.829 ], [ -160.872, 58.878 ], [ -161.001, 58.85 ], [ -161.338, 58.743 ], [ -161.372, 58.666 ], [ -161.752, 58.552 ], [ -161.802, 58.612 ], [ -162.027, 58.607 ], [ -162.172, 58.648 ], [ -161.824, 58.735 ], [ -161.765, 58.846 ], [ -161.804, 58.992 ], [ -162.049, 59.254 ], [ -161.993, 59.338 ], [ -161.79, 59.468 ], [ -161.703, 59.491 ], [ -162.228, 60.056 ], [ -162.372, 60.167 ], [ -162.451, 60.174 ], [ -162.494, 60.13 ], [ -162.488, 60.028 ], [ -162.515, 59.976 ], [ -162.737, 59.972 ], [ -163.173, 59.845 ], [ -163.772, 59.796 ], [ -164.133, 59.846 ], [ -164.208, 59.934 ], [ -164.132, 59.991 ], [ -164.411, 60.098 ], [ -164.518, 60.199 ], [ -164.699, 60.296 ], [ -164.985, 60.35 ], [ -165.129, 60.434 ], [ -165.015, 60.471 ], [ -164.957, 60.528 ], [ -165.275, 60.499 ], [ -165.363, 60.507 ], [ -165.42, 60.551 ], [ -164.992, 60.699 ], [ -165.041, 60.773 ], [ -165.03, 60.838 ], [ -165.085, 60.914 ], [ -165.195, 60.974 ], [ -165.058, 61.06 ], [ -165.204, 61.15 ], [ -165.326, 61.169 ], [ -165.385, 61.08 ], [ -165.555, 61.093 ], [ -165.64, 61.138 ], [ -165.623, 61.278 ], [ -165.831, 61.307 ], [ -165.921, 61.403 ], [ -165.746, 61.489 ], [ -165.912, 61.556 ], [ -166.075, 61.493 ], [ -166.15, 61.513 ], [ -166.212, 61.608 ], [ -166.144, 61.724 ], [ -166.051, 61.767 ], [ -166.094, 61.814 ], [ -165.941, 61.849 ], [ -165.804, 61.826 ], [ -165.64, 61.847 ], [ -165.744, 61.963 ], [ -165.754, 62.056 ], [ -165.269, 62.427 ], [ -165.096, 62.522 ], [ -165.052, 62.598 ], [ -164.962, 62.658 ], [ -164.838, 62.685 ], [ -164.876, 62.806 ], [ -164.813, 62.904 ], [ -164.607, 63.113 ], [ -164.442, 63.203 ], [ -164.067, 63.262 ], [ -163.733, 63.213 ], [ -163.616, 63.141 ], [ -163.53, 63.135 ], [ -163.316, 63.038 ], [ -163.054, 63.058 ], [ -162.845, 63.154 ], [ -162.821, 63.206 ], [ -162.724, 63.215 ], [ -162.527, 63.317 ], [ -162.352, 63.454 ], [ -162.708, 63.578 ], [ -162.588, 63.625 ], [ -162.401, 63.634 ], [ -162.252, 63.542 ], [ -162.073, 63.514 ], [ -161.982, 63.446 ], [ -161.421, 63.46 ], [ -161.191, 63.49 ], [ -161.074, 63.562 ], [ -160.783, 63.753 ], [ -160.766, 63.829 ], [ -160.941, 64.066 ], [ -160.962, 64.221 ], [ -161.264, 64.398 ], [ -161.505, 64.423 ], [ -161.469, 64.507 ], [ -161.39, 64.548 ], [ -161.198, 64.497 ], [ -160.793, 64.619 ], [ -160.783, 64.717 ], [ -160.936, 64.822 ], [ -161.133, 64.898 ], [ -161.328, 64.83 ], [ -161.377, 64.773 ], [ -161.518, 64.753 ], [ -161.646, 64.776 ], [ -161.878, 64.709 ], [ -162.188, 64.672 ], [ -162.234, 64.619 ], [ -162.54, 64.531 ], [ -162.603, 64.48 ], [ -162.632, 64.386 ], [ -162.768, 64.334 ], [ -162.858, 64.5 ], [ -162.941, 64.542 ], [ -163.033, 64.519 ], [ -163.027, 64.478 ], [ -163.133, 64.382 ], [ -163.413, 64.525 ], [ -163.83, 64.575 ], [ -164.307, 64.561 ], [ -165.002, 64.434 ], [ -166.237, 64.584 ], [ -166.414, 64.651 ], [ -166.483, 64.755 ], [ -166.479, 64.797 ], [ -166.407, 64.852 ], [ -166.432, 64.883 ], [ -166.698, 64.991 ], [ -166.912, 65.126 ], [ -166.634, 65.126 ], [ -166.48, 65.167 ], [ -166.452, 65.236 ], [ -166.347, 65.276 ], [ -166.439, 65.319 ], [ -167.474, 65.413 ], [ -167.851, 65.538 ], [ -168.048, 65.569 ], [ -168.129, 65.656 ] ] ], [ [ [ -169.287, 52.785 ], [ -168.785, 53.045 ], [ -168.805, 53.12 ], [ -168.763, 53.183 ], [ -168.582, 53.287 ], [ -168.445, 53.265 ], [ -168.342, 53.476 ], [ -168.027, 53.563 ], [ -167.789, 53.519 ], [ -167.857, 53.429 ], [ -167.842, 53.386 ], [ -168.296, 53.227 ], [ -168.457, 53.056 ], [ -168.614, 53.009 ], [ -168.756, 52.908 ], [ -168.851, 52.908 ], [ -169.262, 52.755 ], [ -169.287, 52.785 ] ] ], [ [ [ -169.818, 56.634 ], [ -169.474, 56.625 ], [ -169.454, 56.584 ], [ -169.583, 56.537 ], [ -169.686, 56.54 ], [ -169.818, 56.634 ] ] ], [ [ [ -170.208, 52.709 ], [ -170.092, 52.919 ], [ -170.026, 52.945 ], [ -169.858, 52.909 ], [ -169.763, 52.978 ], [ -169.82, 53.067 ], [ -169.747, 53.093 ], [ -169.68, 53.035 ], [ -169.667, 52.864 ], [ -169.704, 52.777 ], [ -169.951, 52.789 ], [ -170.078, 52.72 ], [ -170.208, 52.709 ] ] ], [ [ [ -170.42, 57.213 ], [ -170.144, 57.243 ], [ -170.134, 57.181 ], [ -170.286, 57.128 ], [ -170.422, 57.161 ], [ -170.42, 57.213 ] ] ], [ [ [ -170.818, 52.636 ], [ -170.672, 52.698 ], [ -170.532, 52.68 ], [ -170.585, 52.587 ], [ -170.788, 52.54 ], [ -170.842, 52.558 ], [ -170.818, 52.636 ] ] ], [ [ [ -171.313, 52.494 ], [ -171.257, 52.529 ], [ -171.196, 52.5 ], [ -171.227, 52.434 ], [ -171.304, 52.45 ], [ -171.313, 52.494 ] ] ], [ [ [ -171.85, 63.485 ], [ -171.792, 63.621 ], [ -171.803, 63.716 ], [ -171.743, 63.783 ], [ -171.613, 63.785 ], [ -171.553, 63.666 ], [ -170.951, 63.57 ], [ -170.606, 63.673 ], [ -170.345, 63.694 ], [ -170.096, 63.613 ], [ -170.008, 63.475 ], [ -169.656, 63.43 ], [ -169.463, 63.36 ], [ -168.685, 63.296 ], [ -168.842, 63.154 ], [ -168.939, 63.138 ], [ -169.075, 63.178 ], [ -169.231, 63.173 ], [ -169.437, 63.114 ], [ -169.535, 63.074 ], [ -169.577, 63.027 ], [ -169.568, 62.977 ], [ -169.638, 62.938 ], [ -169.757, 62.96 ], [ -169.788, 63.043 ], [ -169.881, 63.106 ], [ -170.05, 63.163 ], [ -170.263, 63.179 ], [ -170.304, 63.239 ], [ -170.431, 63.314 ], [ -170.664, 63.376 ], [ -171.068, 63.425 ], [ -171.226, 63.395 ], [ -171.433, 63.308 ], [ -171.76, 63.382 ], [ -171.85, 63.485 ] ] ], [ [ [ -172.612, 52.307 ], [ -172.448, 52.391 ], [ -172.326, 52.366 ], [ -172.301, 52.33 ], [ -172.414, 52.277 ], [ -172.64, 52.245 ], [ -172.612, 52.307 ] ] ], [ [ [ -173.075, 60.705 ], [ -172.913, 60.604 ], [ -172.847, 60.517 ], [ -172.239, 60.337 ], [ -172.254, 60.297 ], [ -172.63, 60.335 ], [ -173.064, 60.503 ], [ -173.116, 60.659 ], [ -173.075, 60.705 ] ] ], [ [ [ -175.302, 52.056 ], [ -174.555, 52.16 ], [ -174.463, 52.213 ], [ -174.456, 52.314 ], [ -174.185, 52.418 ], [ -174.068, 52.39 ], [ -173.985, 52.318 ], [ -174.047, 52.236 ], [ -174.023, 52.134 ], [ -173.53, 52.159 ], [ -173.375, 52.108 ], [ -172.948, 52.107 ], [ -172.98, 52.064 ], [ -173.513, 52.025 ], [ -174.278, 52.089 ], [ -174.383, 52.082 ], [ -174.409, 52.013 ], [ -174.556, 52.037 ], [ -174.737, 52.007 ], [ -175.323, 52.007 ], [ -175.302, 52.056 ] ] ], [ [ [ -176.987, 51.607 ], [ -176.917, 51.797 ], [ -176.782, 51.832 ], [ -176.762, 51.868 ], [ -176.81, 51.927 ], [ -176.774, 51.966 ], [ -176.58, 52.003 ], [ -176.549, 51.956 ], [ -176.576, 51.842 ], [ -176.174, 51.882 ], [ -176.211, 52.065 ], [ -176.15, 52.118 ], [ -176.056, 52.109 ], [ -175.888, 51.995 ], [ -175.45, 52.013 ], [ -175.425, 51.972 ], [ -175.789, 51.919 ], [ -175.963, 51.846 ], [ -175.998, 51.802 ], [ -176.467, 51.727 ], [ -176.715, 51.62 ], [ -176.939, 51.591 ], [ -176.987, 51.607 ] ] ], [ [ [ -177.67, 51.743 ], [ -177.228, 51.804 ], [ -177.181, 51.943 ], [ -177.045, 51.899 ], [ -177.099, 51.83 ], [ -177.105, 51.719 ], [ -177.19, 51.697 ], [ -177.651, 51.654 ], [ -177.708, 51.703 ], [ -177.67, 51.743 ] ] ], [ [ [ -178.197, 51.905 ], [ -177.952, 51.915 ], [ -177.887, 51.851 ], [ -177.615, 51.855 ], [ -177.649, 51.802 ], [ -177.755, 51.773 ], [ -177.868, 51.679 ], [ -177.909, 51.597 ], [ -178.118, 51.678 ], [ -177.982, 51.716 ], [ -177.995, 51.782 ], [ -178.224, 51.865 ], [ -178.197, 51.905 ] ] ], [ [ [ -178.889, 51.57 ], [ -178.678, 51.626 ], [ -178.551, 51.61 ], [ -178.585, 51.564 ], [ -178.735, 51.542 ], [ -178.889, 51.57 ] ] ], [ [ [ -178.877, 51.838 ], [ -178.78, 51.852 ], [ -178.733, 51.784 ], [ -178.792, 51.746 ], [ -178.896, 51.779 ], [ -178.877, 51.838 ] ] ], [ [ [ -179.174, 51.279 ], [ -178.996, 51.414 ], [ -178.927, 51.384 ], [ -178.909, 51.341 ], [ -179.127, 51.22 ], [ -179.174, 51.279 ] ] ] ] } },
{ "type": "Feature", "properties": { "STUSPS": "PA" }, "geometry": { "type": "Polygon", "coordinates": [ [ [ -80.519, 39.721 ], [ -80.519, 41.978 ], [ -80.154, 42.115 ], [ -80.089, 42.173 ], [ -80.02, 42.163 ], [ -79.762, 42.27 ], [ -79.761, 41.999 ], [ -75.341, 41.993 ], [ -75.263, 41.885 ], [ -75.074, 41.802 ], [ -75.044, 41.575 ], [ -74.982, 41.496 ], [ -74.735, 41.426 ], [ -74.695, 41.357 ], [ -74.816, 41.296 ], [ -74.905, 41.156 ], [ -75.133, 40.98 ], [ -75.065, 40.886 ], [ -75.109, 40.791 ], [ -75.177, 40.764 ], [ -75.193, 40.716 ], [ -75.187, 40.569 ], [ -75.079, 40.548 ], [ -75.056, 40.416 ], [ -74.97, 40.4 ], [ -74.722, 40.154 ], [ -75.119, 39.965 ], [ -75.133, 39.896 ], [ -75.415, 39.802 ], [ -75.57, 39.839 ], [ -75.663, 39.821 ], [ -75.774, 39.722 ], [ -80.519, 39.721 ] ] ] } },
{ "type": "Feature", "properties": { "STUSPS": "CO" }, "geometry": { "type": "Polygon", "coordinates": [ [ [ -109.045, 36.999 ], [ -109.05, 41.001 ], [ -102.052, 41.002 ], [ -102.042, 36.993 ], [ -109.045, 36.999 ] ] ] } },
{ "type": "Feature", "properties": { "STUSPS": "NC" }, "geometry": { "type": "Polygon", "coordinates": [ [ [ -84.287, 35.206 ], [ -84.224, 35.269 ], [ -84.179, 35.241 ], [ -84.098, 35.247 ], [ -84.024, 35.296 ], [ -84.022, 35.407 ], [ -83.772, 35.562 ], [ -83.498, 35.563 ], [ -83.347, 35.66 ], [ -83.297, 35.658 ], [ -83.255, 35.716 ], [ -83.162, 35.763 ], [ -82.978, 35.783 ], [ -82.9, 35.875 ], [ -82.911, 35.927 ], [ -82.861, 35.947 ], [ -82.816, 35.924 ], [ -82.779, 35.993 ], [ -82.628, 36.062 ], [ -82.596, 36.026 ], [ -82.611, 35.974 ], [ -82.558, 35.954 ], [ -82.465, 36.007 ], [ -82.409, 36.083 ], [ -82.298, 36.134 ], [ -82.211, 36.159 ], [ -82.127, 36.104 ], [ -82.029, 36.124 ], [ -81.908, 36.302 ], [ -81.833, 36.347 ], [ -81.706, 36.338 ], [ -81.734, 36.413 ], [ -81.695, 36.468 ], [ -81.678, 36.588 ], [ -80.295, 36.544 ], [ -75.867, 36.551 ], [ -75.796, 36.29 ], [ -75.496, 35.729 ], [ -75.459, 35.597 ], [ -75.534, 35.226 ], [ -75.758, 35.183 ], [ -76.137, 34.988 ], [ -76.387, 34.785 ], [ -76.536, 34.589 ], [ -76.619, 34.673 ], [ -76.727, 34.697 ], [ -76.906, 34.683 ], [ -77.137, 34.633 ], [ -77.463, 34.471 ], [ -77.764, 34.246 ], [ -77.829, 34.163 ], [ -77.96, 33.853 ], [ -78.137, 33.912 ], [ -78.276, 33.912 ], [ -78.541, 33.851 ], [ -79.675, 34.805 ], [ -80.797, 34.824 ], [ -80.782, 34.936 ], [ -80.935, 35.107 ], [ -81.041, 35.045 ], [ -81.043, 35.149 ], [ -82.411, 35.202 ], [ -82.686, 35.125 ], [ -82.746, 35.079 ], [ -83.109, 35.001 ], [ -84.322, 34.988 ], [ -84.287, 35.206 ] ] ] } },
{ "type": "Feature", "properties": { "STUSPS": "IN" }, "geometry": { "type": "Polygon", "coordinates": [ [ [ -88.059, 37.867 ], [ -88.016, 37.962 ], [ -88.031, 38.031 ], [ -87.927, 38.152 ], [ -87.976, 38.198 ], [ -87.969, 38.237 ], [ -87.832, 38.307 ], [ -87.714, 38.48 ], [ -87.654, 38.512 ], [ -87.62, 38.639 ], [ -87.546, 38.678 ], [ -87.499, 38.758 ], [ -87.547, 38.876 ], [ -87.529, 38.972 ], [ -87.579, 39.002 ], [ -87.573, 39.057 ], [ -87.625, 39.102 ], [ -87.64, 39.167 ], [ -87.577, 39.211 ], [ -87.6, 39.313 ], [ -87.532, 39.348 ], [ -87.524, 41.708 ], [ -87.471, 41.673 ], [ -87.416, 41.688 ], [ -87.365, 41.63 ], [ -87.262, 41.62 ], [ -86.825, 41.76 ], [ -84.806, 41.76 ], [ -84.82, 39.105 ], [ -84.897, 39.052 ], [ -84.833, 38.961 ], [ -84.878, 38.92 ], [ -84.786, 38.882 ], [ -84.813, 38.786 ], [ -84.963, 38.778 ], [ -85.187, 38.688 ], [ -85.275, 38.741 ], [ -85.449, 38.713 ], [ -85.433, 38.524 ], [ -85.499, 38.468 ], [ -85.588, 38.45 ], [ -85.684, 38.295 ], [ -85.751, 38.268 ], [ -85.816, 38.283 ], [ -85.895, 38.188 ], [ -85.922, 38.029 ], [ -86.033, 37.97 ], [ -86.206, 38.022 ], [ -86.321, 38.147 ], [ -86.522, 38.038 ], [ -86.509, 37.903 ], [ -86.6, 37.907 ], [ -86.615, 37.853 ], [ -86.722, 37.893 ], [ -86.811, 37.997 ], [ -87.01, 37.92 ], [ -87.106, 37.768 ], [ -87.18, 37.841 ], [ -87.419, 37.945 ], [ -87.551, 37.925 ], [ -87.608, 37.899 ], [ -87.626, 37.852 ], [ -87.724, 37.892 ], [ -87.808, 37.875 ], [ -87.873, 37.921 ], [ -87.922, 37.908 ], [ -87.938, 37.871 ], [ -87.904, 37.818 ], [ -87.97, 37.782 ], [ -88.028, 37.799 ], [ -88.059, 37.867 ] ] ] } },
{ "type": "Feature", "properties": { "STUSPS": "KS" }, "geometry": { "type": "Polygon", "coordinates": [ [ [ -102.052, 40.003 ], [ -95.308, 40.0 ], [ -95.082, 39.862 ], [ -94.952, 39.901 ], [ -94.879, 39.827 ], [ -94.86, 39.75 ], [ -94.971, 39.723 ], [ -94.971, 39.686 ], [ -95.037, 39.653 ], [ -95.047, 39.595 ], [ -95.114, 39.554 ], [ -94.947, 39.4 ], [ -94.889, 39.392 ], [ -94.908, 39.324 ], [ -94.8, 39.206 ], [ -94.742, 39.17 ], [ -94.68, 39.184 ], [ -94.592, 39.155 ], [ -94.618, 36.999 ], [ -102.042, 36.993 ], [ -102.052, 40.003 ] ] ] } },
{ "type": "Feature", "properties": { "STUSPS": "DC" }, "geometry": { "type": "Polygon", "coordinates": [ [ [ -77.12, 38.934 ], [ -77.041, 38.996 ], [ -76.909, 38.893 ], [ -77.039, 38.792 ], [ -77.039, 38.868 ], [ -77.12, 38.934 ] ] ] } },
{ "type": "Feature", "properties": { "STUSPS": "RI" }, "geometry": { "type": "MultiPolygon", "coordinates": [ [ [ [ -71.631, 41.167 ], [ -71.593, 41.237 ], [ -71.545, 41.243 ], [ -71.519, 41.15 ], [ -71.631, 41.167 ] ] ], [ [ [ -71.861, 41.32 ], [ -71.84, 41.412 ], [ -71.798, 41.417 ], [ -71.799, 42.008 ], [ -71.381, 42.019 ], [ -71.382, 41.893 ], [ -71.339, 41.893 ], [ -71.329, 41.783 ], [ -71.196, 41.675 ], [ -71.133, 41.66 ], [ -71.121, 41.497 ], [ -71.193, 41.458 ], [ -71.286, 41.488 ], [ -71.313, 41.451 ], [ -71.429, 41.454 ], [ -71.483, 41.372 ], [ -71.861, 41.32 ] ] ] ] } },
{ "type": "Feature", "properties": { "STUSPS": "WY" }, "geometry": { "type": "Polygon", "coordinates": [ [ [ -111.047, 40.998 ], [ -111.044, 45.001 ], [ -104.058, 44.997 ], [ -104.053, 41.001 ], [ -111.047, 40.998 ] ] ] } },
{ "type": "Feature", "properties": { "STUSPS": "MS" }, "geometry": { "type": "Polygon", "coordinates": [ [ [ -91.621, 31.268 ], [ -91.509, 31.292 ], [ -91.536, 31.338 ], [ -91.517, 31.498 ], [ -91.438, 31.546 ], [ -91.464, 31.62 ], [ -91.396, 31.644 ], [ -91.381, 31.732 ], [ -91.319, 31.745 ], [ -91.36, 31.799 ], [ -91.346, 31.843 ], [ -91.29, 31.834 ], [ -91.181, 31.92 ], [ -91.177, 31.973 ], [ -91.117, 31.987 ], [ -91.035, 32.101 ], [ -91.109, 32.208 ], [ -90.991, 32.215 ], [ -90.921, 32.342 ], [ -90.987, 32.352 ], [ -90.966, 32.425 ], [ -91.053, 32.438 ], [ -91.061, 32.512 ], [ -91.011, 32.517 ], [ -91.08, 32.601 ], [ -91.099, 32.685 ], [ -91.057, 32.726 ], [ -91.158, 32.776 ], [ -91.138, 32.849 ], [ -91.071, 32.889 ], [ -91.072, 32.938 ], [ -91.166, 33.004 ], [ -91.12, 33.055 ], [ -91.181, 33.098 ], [ -91.153, 33.135 ], [ -91.104, 33.132 ], [ -91.069, 33.233 ], [ -91.086, 33.274 ], [ -91.126, 33.28 ], [ -91.142, 33.349 ], [ -91.114, 33.393 ], [ -91.216, 33.529 ], [ -91.131, 33.611 ], [ -91.178, 33.651 ], [ -91.101, 33.661 ], [ -91.075, 33.714 ], [ -91.143, 33.747 ], [ -91.111, 33.775 ], [ -91.027, 33.764 ], [ -91.061, 33.878 ], [ -91.026, 33.908 ], [ -91.036, 33.944 ], [ -91.089, 33.961 ], [ -90.892, 34.027 ], [ -90.875, 34.072 ], [ -90.946, 34.109 ], [ -90.883, 34.184 ], [ -90.895, 34.224 ], [ -90.753, 34.289 ], [ -90.765, 34.343 ], [ -90.729, 34.364 ], [ -90.66, 34.336 ], [ -90.641, 34.384 ], [ -90.575, 34.415 ], [ -90.549, 34.568 ], [ -90.587, 34.616 ], [ -90.464, 34.835 ], [ -90.25, 34.907 ], [ -90.244, 34.938 ], [ -90.309, 34.996 ], [ -88.2, 34.996 ], [ -88.098, 34.892 ], [ -88.469, 31.933 ], [ -88.41, 30.342 ], [ -88.472, 30.32 ], [ -88.971, 30.391 ], [ -89.345, 30.293 ], [ -89.447, 30.205 ], [ -89.525, 30.181 ], [ -89.608, 30.217 ], [ -89.679, 30.414 ], [ -89.792, 30.552 ], [ -89.822, 30.644 ], [ -89.836, 30.727 ], [ -89.728, 31.002 ], [ -91.637, 30.999 ], [ -91.56, 31.05 ], [ -91.622, 31.137 ], [ -91.59, 31.194 ], [ -91.644, 31.234 ], [ -91.621, 31.268 ] ] ] } },
{ "type": "Feature", "properties": { "STUSPS": "MA" }, "geometry": { "type": "MultiPolygon", "coordinates": [ [ [ [ -70.276, 41.31 ], [ -70.079, 41.32 ], [ -70.049, 41.392 ], [ -69.985, 41.359 ], [ -69.96, 41.265 ], [ -70.015, 41.238 ], [ -70.211, 41.249 ], [ -70.276, 41.31 ] ] ], [ [ [ -70.834, 41.353 ], [ -70.758, 41.366 ], [ -70.604, 41.482 ], [ -70.464, 41.419 ], [ -70.448, 41.354 ], [ -70.694, 41.343 ], [ -70.821, 41.251 ], [ -70.834, 41.353 ] ] ], [ [ [ -73.508, 42.086 ], [ -73.265, 42.746 ], [ -71.294, 42.697 ], [ -71.256, 42.736 ], [ -71.182, 42.738 ], [ -71.186, 42.791 ], [ -71.15, 42.815 ], [ -71.064, 42.806 ], [ -71.031, 42.859 ], [ -70.817, 42.872 ], [ -70.772, 42.711 ], [ -70.73, 42.67 ], [ -70.603, 42.678 ], [ -70.594, 42.635 ], [ -70.655, 42.582 ], [ -70.848, 42.55 ], [ -70.836, 42.49 ], [ -70.913, 42.428 ], [ -70.983, 42.424 ], [ -70.998, 42.321 ], [ -70.967, 42.268 ], [ -70.881, 42.301 ], [ -70.731, 42.211 ], [ -70.638, 42.082 ], [ -70.679, 42.006 ], [ -70.662, 41.961 ], [ -70.546, 41.917 ], [ -70.541, 41.816 ], [ -70.442, 41.753 ], [ -70.272, 41.721 ], [ -70.025, 41.787 ], [ -70.006, 41.852 ], [ -70.069, 41.885 ], [ -70.084, 42.012 ], [ -70.191, 42.02 ], [ -70.245, 42.064 ], [ -70.139, 42.093 ], [ -70.049, 42.065 ], [ -69.994, 41.999 ], [ -69.936, 41.809 ], [ -69.931, 41.623 ], [ -69.965, 41.551 ], [ -70.011, 41.544 ], [ -70.007, 41.672 ], [ -70.322, 41.631 ], [ -70.948, 41.409 ], [ -70.935, 41.455 ], [ -70.698, 41.559 ], [ -70.695, 41.603 ], [ -70.765, 41.642 ], [ -70.822, 41.583 ], [ -70.91, 41.577 ], [ -70.982, 41.51 ], [ -71.121, 41.497 ], [ -71.133, 41.66 ], [ -71.196, 41.675 ], [ -71.329, 41.783 ], [ -71.339, 41.893 ], [ -71.382, 41.893 ], [ -71.381, 42.019 ], [ -72.735, 42.036 ], [ -72.81, 41.998 ], [ -72.847, 42.037 ], [ -73.487, 42.05 ], [ -73.508, 42.086 ] ] ] ] } },
{ "type": "Feature", "properties": { "STUSPS": "CT" }, "geometry": { "type": "Polygon", "coordinates": [ [ [ -73.728, 41.101 ], [ -73.483, 41.213 ], [ -73.551, 41.295 ], [ -73.487, 42.05 ], [ -72.847, 42.037 ], [ -72.81, 41.998 ], [ -72.735, 42.036 ], [ -71.801, 42.024 ], [ -71.798, 41.417 ], [ -71.84, 41.412 ], [ -71.861, 41.32 ], [ -72.201, 41.316 ], [ -72.547, 41.25 ], [ -72.936, 41.258 ], [ -73.108, 41.154 ], [ -73.203, 41.158 ], [ -73.262, 41.117 ], [ -73.372, 41.104 ], [ -73.354, 41.086 ], [ -73.387, 41.058 ], [ -73.657, 40.985 ], [ -73.728, 41.101 ] ] ] } },
{ "type": "Feature", "properties": { "STUSPS": "VT" }, "geometry": { "type": "Polygon", "coordinates": [ [ [ -73.437, 44.043 ], [ -73.317, 44.258 ], [ -73.335, 44.357 ], [ -73.294, 44.441 ], [ -73.39, 44.62 ], [ -73.334, 44.802 ], [ -73.38, 44.857 ], [ -73.339, 44.918 ], [ -73.343, 45.011 ], [ -71.501, 45.013 ], [ -71.532, 44.976 ], [ -71.494, 44.912 ], [ -71.627, 44.747 ], [ -71.552, 44.628 ], [ -71.58, 44.502 ], [ -71.819, 44.353 ], [ -72.002, 44.325 ], [ -72.046, 44.292 ], [ -72.061, 44.185 ], [ -72.037, 44.103 ], [ -72.117, 43.992 ], [ -72.106, 43.949 ], [ -72.183, 43.808 ], [ -72.285, 43.72 ], [ -72.33, 43.608 ], [ -72.379, 43.574 ], [ -72.403, 43.32 ], [ -72.452, 43.153 ], [ -72.445, 43.004 ], [ -72.532, 42.955 ], [ -72.556, 42.866 ], [ -72.54, 42.805 ], [ -72.459, 42.727 ], [ -73.265, 42.746 ], [ -73.291, 42.802 ], [ -73.242, 43.535 ], [ -73.328, 43.626 ], [ -73.396, 43.568 ], [ -73.425, 43.599 ], [ -73.351, 43.77 ], [ -73.39, 43.817 ], [ -73.374, 43.876 ], [ -73.437, 44.043 ] ] ] } },
{ "type": "Feature", "properties": { "STUSPS": "ME" }, "geometry": { "type": "MultiPolygon", "coordinates": [ [ [ [ -68.924, 43.885 ], [ -68.875, 43.905 ], [ -68.849, 43.85 ], [ -68.888, 43.804 ], [ -68.944, 43.835 ], [ -68.924, 43.885 ] ] ], [ [ [ -71.084, 45.305 ], [ -71.013, 45.345 ], [ -70.949, 45.332 ], [ -70.893, 45.239 ], [ -70.844, 45.235 ], [ -70.809, 45.312 ], [ -70.826, 45.4 ], [ -70.781, 45.431 ], [ -70.635, 45.384 ], [ -70.635, 45.428 ], [ -70.723, 45.51 ], [ -70.553, 45.668 ], [ -70.384, 45.735 ], [ -70.416, 45.786 ], [ -70.259, 45.891 ], [ -70.265, 45.963 ], [ -70.313, 45.962 ], [ -70.318, 46.019 ], [ -70.24, 46.143 ], [ -70.291, 46.186 ], [ -70.207, 46.331 ], [ -70.054, 46.429 ], [ -69.997, 46.695 ], [ -69.22, 47.457 ], [ -69.039, 47.422 ], [ -69.04, 47.245 ], [ -68.901, 47.179 ], [ -68.605, 47.249 ], [ -68.589, 47.282 ], [ -68.376, 47.292 ], [ -68.362, 47.356 ], [ -68.27, 47.354 ], [ -67.952, 47.196 ], [ -67.889, 47.119 ], [ -67.79, 47.066 ], [ -67.78, 45.938 ], [ -67.75, 45.918 ], [ -67.804, 45.869 ], [ -67.764, 45.83 ], [ -67.804, 45.782 ], [ -67.782, 45.731 ], [ -67.803, 45.678 ], [ -67.71, 45.679 ], [ -67.675, 45.631 ], [ -67.535, 45.595 ], [ -67.455, 45.605 ], [ -67.417, 45.502 ], [ -67.477, 45.497 ], [ -67.484, 45.452 ], [ -67.427, 45.374 ], [ -67.48, 45.268 ], [ -67.34, 45.126 ], [ -67.271, 45.191 ], [ -67.161, 45.163 ], [ -67.033, 44.94 ], [ -66.984, 44.903 ], [ -66.993, 44.849 ], [ -66.95, 44.817 ], [ -67.293, 44.599 ], [ -67.368, 44.625 ], [ -67.449, 44.6 ], [ -67.521, 44.51 ], [ -67.503, 44.477 ], [ -67.58, 44.429 ], [ -67.653, 44.526 ], [ -67.794, 44.495 ], [ -67.9, 44.394 ], [ -68.014, 44.39 ], [ -68.049, 44.331 ], [ -68.126, 44.387 ], [ -68.189, 44.374 ], [ -68.174, 44.328 ], [ -68.229, 44.267 ], [ -68.174, 44.226 ], [ -68.307, 44.235 ], [ -68.331, 44.108 ], [ -68.503, 44.1 ], [ -68.584, 44.072 ], [ -68.617, 44.01 ], [ -68.657, 44.004 ], [ -68.669, 44.076 ], [ -68.874, 44.025 ], [ -68.935, 44.13 ], [ -68.889, 44.16 ], [ -68.952, 44.219 ], [ -69.04, 44.234 ], [ -69.076, 44.13 ], [ -69.032, 44.079 ], [ -69.077, 43.974 ], [ -69.175, 43.977 ], [ -69.321, 43.857 ], [ -69.393, 43.956 ], [ -69.503, 43.838 ], [ -69.717, 43.792 ], [ -69.833, 43.701 ], [ -69.862, 43.759 ], [ -69.916, 43.775 ], [ -70.001, 43.71 ], [ -70.071, 43.714 ], [ -70.096, 43.672 ], [ -70.168, 43.675 ], [ -70.217, 43.597 ], [ -70.206, 43.558 ], [ -70.361, 43.529 ], [ -70.386, 43.487 ], [ -70.327, 43.459 ], [ -70.416, 43.361 ], [ -70.554, 43.322 ], [ -70.596, 43.163 ], [ -70.704, 43.06 ], [ -70.828, 43.129 ], [ -70.813, 43.217 ], [ -70.984, 43.376 ], [ -70.955, 43.51 ], [ -71.084, 45.305 ] ] ] ] } },
{ "type": "Feature", "properties": { "STUSPS": "NH" }, "geometry": { "type": "Polygon", "coordinates": [ [ [ -72.54, 42.805 ], [ -72.532, 42.955 ], [ -72.445, 43.004 ], [ -72.452, 43.153 ], [ -72.403, 43.32 ], [ -72.379, 43.574 ], [ -72.33, 43.608 ], [ -72.285, 43.72 ], [ -72.183, 43.808 ], [ -72.106, 43.949 ], [ -72.117, 43.992 ], [ -72.037, 44.103 ], [ -72.061, 44.185 ], [ -72.046, 44.292 ], [ -72.002, 44.325 ], [ -71.819, 44.353 ], [ -71.58, 44.502 ], [ -71.552, 44.628 ], [ -71.627, 44.747 ], [ -71.494, 44.912 ], [ -71.532, 44.976 ], [ -71.406, 45.198 ], [ -71.439, 45.239 ], [ -71.284, 45.302 ], [ -71.139, 45.243 ], [ -71.084, 45.305 ], [ -70.955, 43.51 ], [ -70.984, 43.376 ], [ -70.813, 43.217 ], [ -70.828, 43.129 ], [ -70.704, 43.06 ], [ -70.817, 42.872 ], [ -71.031, 42.859 ], [ -71.064, 42.806 ], [ -71.15, 42.815 ], [ -71.186, 42.791 ], [ -71.182, 42.738 ], [ -71.256, 42.736 ], [ -71.294, 42.697 ], [ -72.459, 42.727 ], [ -72.54, 42.805 ] ] ] } },
{ "type": "Feature", "properties": { "STUSPS": "NM" }, "geometry": { "type": "Polygon", "coordinates": [ [ [ -109.05, 31.333 ], [ -109.045, 36.999 ], [ -103.002, 37.0 ], [ -103.002, 36.5 ], [ -103.042, 36.5 ], [ -103.064, 32.001 ], [ -106.618, 32.0 ], [ -106.636, 31.872 ], [ -106.528, 31.783 ], [ -108.208, 31.784 ], [ -108.209, 31.333 ], [ -109.05, 31.333 ] ] ] } },
{ "type": "Feature", "properties": { "STUSPS": "OH" }, "geometry": { "type": "MultiPolygon", "coordinates": [ [ [ [ -82.863, 41.694 ], [ -82.826, 41.723 ], [ -82.783, 41.694 ], [ -82.789, 41.643 ], [ -82.842, 41.628 ], [ -82.863, 41.694 ] ] ], [ [ [ -84.82, 39.105 ], [ -84.806, 41.696 ], [ -83.454, 41.733 ], [ -83.41, 41.691 ], [ -83.327, 41.702 ], [ -83.067, 41.595 ], [ -82.934, 41.514 ], [ -82.834, 41.588 ], [ -82.718, 41.542 ], [ -82.617, 41.428 ], [ -82.461, 41.386 ], [ -81.995, 41.514 ], [ -81.739, 41.489 ], [ -81.287, 41.76 ], [ -80.519, 41.978 ], [ -80.519, 40.639 ], [ -80.627, 40.62 ], [ -80.668, 40.582 ], [ -80.605, 40.447 ], [ -80.632, 40.385 ], [ -80.607, 40.304 ], [ -80.737, 40.08 ], [ -80.74, 39.971 ], [ -80.803, 39.919 ], [ -80.825, 39.801 ], [ -80.87, 39.764 ], [ -80.83, 39.712 ], [ -81.129, 39.449 ], [ -81.348, 39.346 ], [ -81.456, 39.409 ], [ -81.56, 39.331 ], [ -81.565, 39.276 ], [ -81.678, 39.274 ], [ -81.753, 39.185 ], [ -81.743, 39.107 ], [ -81.808, 39.084 ], [ -81.776, 38.981 ], [ -81.827, 38.946 ], [ -81.898, 38.93 ], [ -81.942, 38.993 ], [ -82.042, 39.018 ], [ -82.162, 38.825 ], [ -82.209, 38.803 ], [ -82.175, 38.608 ], [ -82.274, 38.594 ], [ -82.324, 38.449 ], [ -82.561, 38.404 ], [ -82.594, 38.422 ], [ -82.618, 38.477 ], [ -82.725, 38.558 ], [ -82.8, 38.563 ], [ -82.851, 38.604 ], [ -82.889, 38.756 ], [ -83.012, 38.73 ], [ -83.173, 38.62 ], [ -83.24, 38.629 ], [ -83.287, 38.599 ], [ -83.376, 38.661 ], [ -83.533, 38.702 ], [ -83.627, 38.679 ], [ -83.679, 38.63 ], [ -83.772, 38.658 ], [ -83.852, 38.751 ], [ -84.213, 38.806 ], [ -84.327, 39.027 ], [ -84.401, 39.046 ], [ -84.462, 39.122 ], [ -84.608, 39.073 ], [ -84.751, 39.147 ], [ -84.82, 39.105 ] ] ] ] } },
{ "type": "Feature", "properties": { "STUSPS": "AL" }, "geometry": { "type": "Polygon", "coordinates": [ [ [ -88.469, 31.894 ], [ -88.098, 34.892 ], [ -88.155, 34.922 ], [ -88.203, 35.008 ], [ -85.605, 34.985 ], [ -85.184, 32.861 ], [ -85.07, 32.583 ], [ -84.972, 32.443 ], [ -85.008, 32.337 ], [ -84.892, 32.263 ], [ -85.059, 32.136 ], [ -85.068, 31.967 ], [ -85.142, 31.839 ], [ -85.126, 31.695 ], [ -85.058, 31.62 ], [ -85.042, 31.545 ], [ -85.108, 31.186 ], [ -85.036, 31.108 ], [ -85.002, 31.001 ], [ -87.599, 30.997 ], [ -87.635, 30.866 ], [ -87.524, 30.738 ], [ -87.4, 30.657 ], [ -87.445, 30.507 ], [ -87.367, 30.437 ], [ -87.432, 30.403 ], [ -87.452, 30.344 ], [ -87.518, 30.28 ], [ -87.893, 30.239 ], [ -87.806, 30.28 ], [ -87.797, 30.324 ], [ -87.933, 30.487 ], [ -87.902, 30.551 ], [ -87.931, 30.653 ], [ -88.008, 30.685 ], [ -88.062, 30.645 ], [ -88.136, 30.321 ], [ -88.258, 30.319 ], [ -88.312, 30.369 ], [ -88.395, 30.369 ], [ -88.469, 31.894 ] ] ] } },
{ "type": "Feature", "properties": { "STUSPS": "NE" }, "geometry": { "type": "Polygon", "coordinates": [ [ [ -104.053, 41.001 ], [ -104.053, 43.001 ], [ -98.499, 42.999 ], [ -98.435, 42.929 ], [ -98.148, 42.84 ], [ -98.035, 42.764 ], [ -97.95, 42.77 ], [ -97.858, 42.865 ], [ -97.701, 42.844 ], [ -97.302, 42.866 ], [ -97.131, 42.772 ], [ -96.698, 42.659 ], [ -96.709, 42.604 ], [ -96.611, 42.506 ], [ -96.525, 42.51 ], [ -96.381, 42.462 ], [ -96.408, 42.337 ], [ -96.336, 42.265 ], [ -96.348, 42.167 ], [ -96.269, 42.114 ], [ -96.273, 42.047 ], [ -96.133, 41.975 ], [ -96.159, 41.91 ], [ -96.065, 41.793 ], [ -96.118, 41.613 ], [ -96.08, 41.528 ], [ -96.005, 41.544 ], [ -95.983, 41.47 ], [ -95.923, 41.456 ], [ -95.926, 41.322 ], [ -95.89, 41.278 ], [ -95.91, 41.184 ], [ -95.857, 41.187 ], [ -95.866, 41.017 ], [ -95.811, 40.887 ], [ -95.841, 40.846 ], [ -95.834, 40.783 ], [ -95.889, 40.736 ], [ -95.749, 40.603 ], [ -95.757, 40.526 ], [ -95.714, 40.527 ], [ -95.695, 40.494 ], [ -95.641, 40.366 ], [ -95.654, 40.323 ], [ -95.473, 40.236 ], [ -95.481, 40.189 ], [ -95.394, 40.108 ], [ -95.415, 40.07 ], [ -95.308, 40.0 ], [ -102.052, 40.003 ], [ -102.052, 41.002 ], [ -104.053, 41.001 ] ] ] } },
{ "type": "Feature", "properties": { "STUSPS": "SD" }, "geometry": { "type": "Polygon", "coordinates": [ [ [ -104.053, 43.001 ], [ -104.045, 45.945 ], [ -96.564, 45.935 ], [ -96.587, 45.816 ], [ -96.852, 45.619 ], [ -96.711, 45.437 ], [ -96.522, 45.376 ], [ -96.458, 45.308 ], [ -96.453, 43.5 ], [ -96.599, 43.5 ], [ -96.594, 43.434 ], [ -96.522, 43.386 ], [ -96.53, 43.3 ], [ -96.579, 43.291 ], [ -96.522, 43.221 ], [ -96.476, 43.221 ], [ -96.439, 43.114 ], [ -96.512, 43.04 ], [ -96.5, 42.959 ], [ -96.622, 42.779 ], [ -96.625, 42.725 ], [ -96.527, 42.641 ], [ -96.477, 42.556 ], [ -96.493, 42.517 ], [ -96.446, 42.491 ], [ -96.611, 42.506 ], [ -96.709, 42.604 ], [ -96.698, 42.659 ], [ -97.131, 42.772 ], [ -97.238, 42.853 ], [ -97.858, 42.865 ], [ -97.95, 42.77 ], [ -98.035, 42.764 ], [ -98.148, 42.84 ], [ -98.435, 42.929 ], [ -98.499, 42.999 ], [ -104.053, 43.001 ] ] ] } },
{ "type": "Feature", "properties": { "STUSPS": "NV" }, "geometry": { "type": "Polygon", "coordinates": [ [ [ -120.001, 39.0 ], [ -119.999, 41.995 ], [ -114.042, 41.994 ], [ -114.047, 36.194 ], [ -114.152, 36.025 ], [ -114.214, 36.016 ], [ -114.316, 36.063 ], [ -114.372, 36.143 ], [ -114.572, 36.152 ], [ -114.736, 36.104 ], [ -114.731, 35.944 ], [ -114.67, 35.865 ], [ -114.704, 35.815 ], [ -114.689, 35.651 ], [ -114.653, 35.611 ], [ -114.665, 35.449 ], [ -114.627, 35.41 ], [ -114.573, 35.139 ], [ -114.62, 35.122 ], [ -114.633, 35.002 ], [ -117.245, 37.03 ], [ -120.001, 39.0 ] ] ] } },
{ "type": "Feature", "properties": { "STUSPS": "NJ" }, "geometry": { "type": "Polygon", "coordinates": [ [ [ -75.559, 39.63 ], [ -75.415, 39.802 ], [ -75.133, 39.896 ], [ -75.119, 39.965 ], [ -74.722, 40.154 ], [ -74.97, 40.4 ], [ -75.056, 40.416 ], [ -75.079, 40.548 ], [ -75.187, 40.569 ], [ -75.177, 40.764 ], [ -75.109, 40.791 ], [ -75.065, 40.886 ], [ -75.133, 40.98 ], [ -74.905, 41.156 ], [ -74.816, 41.296 ], [ -74.695, 41.357 ], [ -73.894, 40.997 ], [ -74.047, 40.69 ], [ -74.087, 40.652 ], [ -74.202, 40.631 ], [ -74.261, 40.502 ], [ -74.262, 40.465 ], [ -74.206, 40.441 ], [ -74.048, 40.419 ], [ -73.998, 40.477 ], [ -73.977, 40.409 ], [ -74.101, 39.756 ], [ -74.367, 39.402 ], [ -74.647, 39.212 ], [ -74.808, 38.986 ], [ -74.864, 38.94 ], [ -74.967, 38.933 ], [ -74.886, 39.144 ], [ -74.905, 39.175 ], [ -75.048, 39.215 ], [ -75.137, 39.182 ], [ -75.244, 39.286 ], [ -75.536, 39.461 ], [ -75.513, 39.578 ], [ -75.559, 39.63 ] ] ] } },
{ "type": "Feature", "properties": { "STUSPS": "ND" }, "geometry": { "type": "Polygon", "coordinates": [ [ [ -104.049, 49.0 ], [ -97.229, 49.001 ], [ -97.1, 48.668 ], [ -97.149, 48.532 ], [ -97.147, 48.169 ], [ -96.854, 47.572 ], [ -96.834, 47.01 ], [ -96.764, 46.913 ], [ -96.791, 46.637 ], [ -96.709, 46.435 ], [ -96.601, 46.32 ], [ -96.555, 46.084 ], [ -96.564, 45.935 ], [ -104.045, 45.945 ], [ -104.049, 49.0 ] ] ] } },
{ "type": "Feature", "properties": { "STUSPS": "SC" }, "geometry": { "type": "Polygon", "coordinates": [ [ [ -83.353, 34.729 ], [ -83.324, 34.79 ], [ -83.141, 34.925 ], [ -83.109, 35.001 ], [ -82.746, 35.079 ], [ -82.686, 35.125 ], [ -82.411, 35.202 ], [ -81.043, 35.149 ], [ -81.041, 35.045 ], [ -80.935, 35.107 ], [ -80.782, 34.936 ], [ -80.797, 34.824 ], [ -79.675, 34.805 ], [ -78.541, 33.851 ], [ -78.773, 33.769 ], [ -78.938, 33.64 ], [ -79.135, 33.404 ], [ -79.172, 33.207 ], [ -79.33, 33.09 ], [ -79.36, 33.007 ], [ -79.483, 33.001 ], [ -79.522, 33.035 ], [ -79.581, 33.006 ], [ -79.607, 32.972 ], [ -79.57, 32.927 ], [ -79.868, 32.735 ], [ -79.885, 32.684 ], [ -80.001, 32.606 ], [ -80.148, 32.578 ], [ -80.338, 32.479 ], [ -80.466, 32.495 ], [ -80.485, 32.461 ], [ -80.434, 32.375 ], [ -80.455, 32.326 ], [ -80.596, 32.274 ], [ -80.715, 32.326 ], [ -80.766, 32.293 ], [ -80.669, 32.217 ], [ -80.721, 32.16 ], [ -80.859, 32.1 ], [ -80.886, 32.035 ], [ -81.007, 32.101 ], [ -81.038, 32.084 ], [ -81.113, 32.113 ], [ -81.154, 32.238 ], [ -81.133, 32.335 ], [ -81.195, 32.411 ], [ -81.195, 32.465 ], [ -81.397, 32.606 ], [ -81.421, 32.831 ], [ -81.5, 32.944 ], [ -81.502, 33.015 ], [ -81.755, 33.152 ], [ -81.764, 33.204 ], [ -81.847, 33.242 ], [ -81.846, 33.304 ], [ -81.933, 33.344 ], [ -81.926, 33.463 ], [ -82.162, 33.611 ], [ -82.324, 33.82 ], [ -82.557, 33.945 ], [ -82.715, 34.148 ], [ -82.874, 34.472 ], [ -83.048, 34.493 ], [ -83.155, 34.588 ], [ -83.339, 34.682 ], [ -83.353, 34.729 ] ] ] } },
{ "type": "Feature", "properties": { "STUSPS": "AZ" }, "geometry": { "type": "Polygon", "coordinates": [ [ [ -114.814, 32.494 ], [ -114.809, 32.617 ], [ -114.706, 32.742 ], [ -114.571, 32.747 ], [ -114.469, 32.845 ], [ -114.511, 33.023 ], [ -114.671, 33.038 ], [ -114.706, 33.105 ], [ -114.674, 33.256 ], [ -114.723, 33.288 ], [ -114.725, 33.405 ], [ -114.635, 33.423 ], [ -114.525, 33.552 ], [ -114.497, 33.719 ], [ -114.509, 33.901 ], [ -114.535, 33.928 ], [ -114.406, 34.112 ], [ -114.139, 34.26 ], [ -114.173, 34.345 ], [ -114.379, 34.45 ], [ -114.378, 34.517 ], [ -114.465, 34.691 ], [ -114.634, 34.873 ], [ -114.62, 35.122 ], [ -114.573, 35.139 ], [ -114.627, 35.41 ], [ -114.665, 35.449 ], [ -114.653, 35.611 ], [ -114.689, 35.651 ], [ -114.704, 35.815 ], [ -114.67, 35.865 ], [ -114.731, 35.944 ], [ -114.743, 36.071 ], [ -114.736, 36.104 ], [ -114.628, 36.141 ], [ -114.372, 36.143 ], [ -114.271, 36.036 ], [ -114.152, 36.025 ], [ -114.047, 36.194 ], [ -114.051, 37.0 ], [ -109.045, 36.999 ], [ -109.05, 31.333 ], [ -111.075, 31.332 ], [ -114.814, 32.494 ] ] ] } },
{ "type": "Feature", "properties": { "STUSPS": "AR" }, "geometry": { "type": "Polygon", "coordinates": [ [ [ -94.618, 36.499 ], [ -90.154, 36.495 ], [ -90.131, 36.415 ], [ -90.066, 36.386 ], [ -90.064, 36.303 ], [ -90.294, 36.113 ], [ -90.369, 35.996 ], [ -89.733, 36.001 ], [ -89.647, 35.895 ], [ -89.723, 35.874 ], [ -89.723, 35.809 ], [ -89.864, 35.748 ], [ -89.915, 35.755 ], [ -89.957, 35.695 ], [ -89.877, 35.627 ], [ -89.933, 35.608 ], [ -89.958, 35.542 ], [ -90.038, 35.55 ], [ -90.022, 35.457 ], [ -90.045, 35.415 ], [ -90.113, 35.41 ], [ -90.088, 35.363 ], [ -90.167, 35.275 ], [ -90.098, 35.25 ], [ -90.091, 35.118 ], [ -90.16, 35.129 ], [ -90.197, 35.051 ], [ -90.301, 35.029 ], [ -90.309, 34.996 ], [ -90.244, 34.938 ], [ -90.25, 34.907 ], [ -90.464, 34.835 ], [ -90.587, 34.616 ], [ -90.549, 34.568 ], [ -90.575, 34.415 ], [ -90.641, 34.384 ], [ -90.66, 34.336 ], [ -90.729, 34.364 ], [ -90.765, 34.343 ], [ -90.753, 34.289 ], [ -90.895, 34.224 ], [ -90.883, 34.184 ], [ -90.946, 34.109 ], [ -90.875, 34.072 ], [ -90.892, 34.027 ], [ -91.089, 33.961 ], [ -91.036, 33.944 ], [ -91.026, 33.908 ], [ -91.061, 33.878 ], [ -91.027, 33.764 ], [ -91.111, 33.775 ], [ -91.143, 33.747 ], [ -91.075, 33.714 ], [ -91.101, 33.661 ], [ -91.178, 33.651 ], [ -91.131, 33.611 ], [ -91.216, 33.529 ], [ -91.114, 33.393 ], [ -91.142, 33.349 ], [ -91.126, 33.28 ], [ -91.086, 33.274 ], [ -91.069, 33.233 ], [ -91.104, 33.132 ], [ -91.153, 33.135 ], [ -91.181, 33.098 ], [ -91.12, 33.055 ], [ -91.166, 33.004 ], [ -94.043, 33.019 ], [ -94.043, 33.551 ], [ -94.183, 33.592 ], [ -94.354, 33.556 ], [ -94.486, 33.638 ], [ -94.432, 35.37 ], [ -94.618, 36.499 ] ] ] } }
]
}
